week,ranking,country,player,age,points,(+/-),tournaments_played
2024-04-22,1,srb,Novak Djokovic,36,"9,990",-45,17
2024-04-22,2,ita,Jannik Sinner,22,"8,660",-90,19
2024-04-22,3,esp,Carlos Alcaraz,20,"8,145",-500,17
2024-04-22,4,rus,Daniil Medvedev,28,"7,085",-,19
2024-04-22,5,ger,Alexander Zverev,27,"5,425",-,26
2024-04-22,6,nor,Casper Ruud,25,"4,480",+455,24
2024-04-22,7,gre,Stefanos Tsitsipas,25,"4,030",+35,25
2024-04-22,8,rus,Andrey Rublev,26,"3,830",-105,24
2024-04-22,9,pol,Hubert Hurkacz,27,"3,675",-,24
2024-04-22,10,bul,Grigor Dimitrov,32,"3,640",-,22
2024-04-22,11,aus,Alex de Minaur,25,"3,470",-40,25
2024-04-22,12,den,Holger Rune,20,"3,245",-150,23
2024-04-22,13,usa,Taylor Fritz,26,"2,560",+110,25
2024-04-22,14,fra,Ugo Humbert,25,"2,535",-,29
2024-04-22,15,usa,Ben Shelton,21,"2,480",-10,25
2024-04-22,16,usa,Tommy Paul,26,"2,350",-,26
2024-04-22,17,rus,Karen Khachanov,27,"2,080",-35,22
2024-04-22,18,kaz,Alexander Bublik,26,"1,992",-,28
2024-04-22,19,arg,Sebastian Baez,23,"1,955",-,29
2024-04-22,20,fra,Adrian Mannarino,35,"1,875",-,28
2024-04-22,21,usa,Frances Tiafoe,26,"1,685",-,22
2024-04-22,22,arg,Francisco Cerundolo,25,"1,680",-40,27
2024-04-22,23,chi,Nicolas Jarry,28,"1,675",-10,25
2024-04-22,24,ger,Jan-Lennard Struff,33,"1,628",+240,25
2024-04-22,25,ned,Tallon Griekspoor,27,"1,505",-,25
2024-04-22,26,usa,Sebastian Korda,23,"1,485",-,25
2024-04-22,27,arg,Tomas Martin Etcheverry,24,"1,475",+180,29
2024-04-22,28,esp,Alejandro Davidovich Fokina,24,"1,355",-40,24
2024-04-22,29,ita,Lorenzo Musetti,22,"1,355",-155,29
2024-04-22,30,gbr,Cameron Norrie,28,"1,345",+55,25
2024-04-22,31,cze,Jiri Lehecka,22,"1,305",-25,25
2024-04-22,32,fra,Arthur Fils,19,"1,273",+88,29
2024-04-22,33,aus,Jordan Thompson,30,"1,256",+21,29
2024-04-22,34,cro,Borna Coric,27,"1,244",-,24
2024-04-22,35,can,Felix Auger-Aliassime,23,"1,240",+40,24
2024-04-22,36,ita,Matteo Arnaldi,23,"1,191",+70,24
2024-04-22,37,hun,Fabian Marozsan,24,"1,164",+42,25
2024-04-22,38,chi,Alejandro Tabilo,26,"1,151",+50,24
2024-04-22,39,srb,Laslo Djere,28,"1,150",-35,24
2024-04-22,40,fra,Gael Monfils,37,"1,142",-,23
2024-04-22,41,arg,Mariano Navone,23,"1,141",+165,21
2024-04-22,42,rus,Roman Safiullin,26,"1,139",-,23
2024-04-22,43,gbr,Jack Draper,22,"1,106",+40,21
2024-04-22,44,usa,Christopher Eubanks,27,"1,087",-,27
2024-04-22,45,aut,Sebastian Ofner,27,"1,076",-5,32
2024-04-22,46,aus,Alexei Popyrin,24,"1,057",-20,22
2024-04-22,47,arg,Facundo Diaz Acosta,23,"1,048",+90,28
2024-04-22,48,rus,Aslan Karatsev,30,"1,041",-32,16
2024-04-22,49,chn,Zhizhen Zhang,27,"1,038",-6,25
2024-04-22,50,cze,Tomas Machac,23,"1,013",+25,23
2024-04-22,51,usa,Marcos Giron,30,995,-35,28
2024-04-22,52,ita,Lorenzo Sonego,28,976,-10,28
2024-04-22,53,hun,Marton Fucsovics,32,942,+230,22
2024-04-22,54,ger,Dominik Koepfer,29,938,-,25
2024-04-22,55,esp,Pedro Martinez,26,937,+40,29
2024-04-22,56,por,Nuno Borges,27,916,+5,29
2024-04-22,57,gbr,Andy Murray,36,910,-,26
2024-04-22,58,ger,Yannick Hanfmann,32,899,+5,29
2024-04-22,59,kaz,Alexander Shevchenko,23,879,-,32
2024-04-22,60,ita,Luciano Darderi,22,875,-,29
2024-04-22,61,ger,Daniel Altmaier,25,871,+15,28
2024-04-22,62,aus,Aleksandar Vukic,28,857,-,31
2024-04-22,63,bra,Thiago Seyboth Wild,24,849,+18,25
2024-04-22,64,ita,Flavio Cobolli,21,848,-32,31
2024-04-22,65,srb,Dusan Lajovic,33,846,-50,23
2024-04-22,66,srb,Miomir Kecmanovic,24,830,-65,31
2024-04-22,67,aus,Christopher O'Connell,29,822,-74,30
2024-04-22,68,esp,Roberto Carballes Baena,31,821,+50,31
2024-04-22,69,gbr,Daniel Evans,33,816,-180,27
2024-04-22,70,usa,Alex Michelsen,19,799,+9,27
2024-04-22,71,fin,Emil Ruusuvuori,25,795,-35,23
2024-04-22,72,rus,Pavel Kotov,25,787,-30,21
2024-04-22,73,esp,Jaume Munar,26,785,+15,29
2024-04-22,74,cze,Jakub Mensik,18,766,-,24
2024-04-22,75,fra,Arthur Cazaux,21,748,-,25
2024-04-22,76,usa,Mackenzie McDonald,29,745,-,24
2024-04-22,77,fra,Arthur Rinderknech,28,744,+15,32
2024-04-22,78,jpn,Yoshihito Nishioka,28,743,-45,22
2024-04-22,79,aus,Rinky Hijikata,23,743,+5,33
2024-04-22,80,aus,Max Purcell,26,731,-,31
2024-04-22,81,usa,Brandon Nakashima,22,725,+30,30
2024-04-22,82,ind,Sumit Nagal,26,725,-4,27
2024-04-22,83,arg,Federico Coria,32,720,+9,32
2024-04-22,84,ita,Luca Nardi,20,718,-,26
2024-04-22,85,jpn,Taro Daniel,31,717,+15,28
2024-04-22,86,esp,Roberto Bautista Agut,36,708,+5,26
2024-04-22,87,sui,Stan Wawrinka,39,697,-,23
2024-04-22,88,fra,Corentin Moutet,25,695,+43,32
2024-04-22,89,col,Daniel Elahi Galan,27,666,+15,29
2024-04-22,90,fra,Constant Lestienne,31,658,-,33
2024-04-22,91,arg,Pedro Cachin,29,653,-20,27
2024-04-22,92,chi,Cristian Garin,27,653,+55,23
2024-04-22,93,aus,Thanasi Kokkinakis,28,650,-,26
2024-04-22,94,ita,Fabio Fognini,36,650,+8,22
2024-04-22,95,fra,Hugo Gaston,23,642,-,28
2024-04-22,96,arg,Francisco Comesana,23,642,+109,27
2024-04-22,97,usa,Aleksandar Kovacevic,25,638,-,30
2024-04-22,98,ita,Matteo Berrettini,28,630,-,16
2024-04-22,99,fra,Luca Van Assche,19,630,+5,25
2024-04-22,100,ger,Maximilian Marterer,28,616,-,24
2024-04-15,1,srb,Novak Djokovic,36,"10,035",+310,18
2024-04-15,2,ita,Jannik Sinner,22,"8,750",+40,20
2024-04-15,3,esp,Carlos Alcaraz,20,"8,645",-,18
2024-04-15,4,rus,Daniil Medvedev,28,"7,085",-80,19
2024-04-15,5,ger,Alexander Zverev,26,"5,425",+10,26
2024-04-15,6,nor,Casper Ruud,25,"4,025",+560,24
2024-04-15,7,gre,Stefanos Tsitsipas,25,"3,995",+820,25
2024-04-15,8,rus,Andrey Rublev,26,"3,935",-955,24
2024-04-15,9,pol,Hubert Hurkacz,27,"3,675",+10,24
2024-04-15,10,bul,Grigor Dimitrov,32,"3,640",+100,23
2024-04-15,11,aus,Alex de Minaur,25,"3,510",+155,25
2024-04-15,12,den,Holger Rune,20,"3,395",-400,23
2024-04-15,13,fra,Ugo Humbert,25,"2,535",+110,29
2024-04-15,14,usa,Ben Shelton,21,"2,490",-,26
2024-04-15,15,usa,Taylor Fritz,26,"2,450",-315,25
2024-04-15,16,usa,Tommy Paul,26,"2,350",-,26
2024-04-15,17,rus,Karen Khachanov,27,"2,115",+110,23
2024-04-15,18,kaz,Alexander Bublik,26,"1,992",-,29
2024-04-15,19,arg,Sebastian Baez,23,"1,955",-,29
2024-04-15,20,fra,Adrian Mannarino,35,"1,875",-,29
2024-04-15,21,arg,Francisco Cerundolo,25,"1,720",+5,27
2024-04-15,22,chi,Nicolas Jarry,28,"1,685",-70,25
2024-04-15,23,usa,Frances Tiafoe,26,"1,685",-,23
2024-04-15,24,ita,Lorenzo Musetti,22,"1,510",-80,29
2024-04-15,25,ned,Tallon Griekspoor,27,"1,505",+30,25
2024-04-15,26,usa,Sebastian Korda,23,"1,485",+40,24
2024-04-15,27,esp,Alejandro Davidovich Fokina,24,"1,395",-,24
2024-04-15,28,ger,Jan-Lennard Struff,33,"1,388",-105,25
2024-04-15,29,cze,Jiri Lehecka,22,"1,330",-70,26
2024-04-15,30,arg,Tomas Martin Etcheverry,24,"1,295",+35,29
2024-04-15,31,gbr,Cameron Norrie,28,"1,290",-,25
2024-04-15,32,cro,Borna Coric,27,"1,244",+40,24
2024-04-15,33,aus,Jordan Thompson,29,"1,235",-,29
2024-04-15,34,can,Felix Auger-Aliassime,23,"1,200",+50,23
2024-04-15,35,srb,Laslo Djere,28,"1,185",-,25
2024-04-15,36,fra,Arthur Fils,19,"1,185",+40,28
2024-04-15,37,fra,Gael Monfils,37,"1,142",+50,24
2024-04-15,38,rus,Roman Safiullin,26,"1,139",+50,23
2024-04-15,39,hun,Fabian Marozsan,24,"1,122",-,24
2024-04-15,40,ita,Matteo Arnaldi,23,"1,121",-,24
2024-04-15,41,chi,Alejandro Tabilo,26,"1,101",+50,24
2024-04-15,42,usa,Christopher Eubanks,27,"1,087",-,27
2024-04-15,43,aut,Sebastian Ofner,27,"1,081",+25,32
2024-04-15,44,aus,Alexei Popyrin,24,"1,077",+30,22
2024-04-15,45,rus,Aslan Karatsev,30,"1,073",-,17
2024-04-15,46,gbr,Jack Draper,22,"1,066",-35,20
2024-04-15,47,chn,Zhizhen Zhang,27,"1,044",+39,25
2024-04-15,48,usa,Marcos Giron,30,"1,030",-,29
2024-04-15,49,gbr,Daniel Evans,33,996,-,27
2024-04-15,50,cze,Tomas Machac,23,988,-45,22
2024-04-15,51,ita,Lorenzo Sonego,28,986,+71,28
2024-04-15,52,arg,Mariano Navone,23,976,-,21
2024-04-15,53,arg,Facundo Diaz Acosta,23,958,+15,28
2024-04-15,54,ger,Dominik Koepfer,29,938,-,25
2024-04-15,55,por,Nuno Borges,27,911,-,29
2024-04-15,56,gbr,Andy Murray,36,910,-,26
2024-04-15,57,esp,Pedro Martinez,26,897,-,29
2024-04-15,58,aus,Christopher O'Connell,29,896,+10,30
2024-04-15,59,srb,Dusan Lajovic,33,896,-26,23
2024-04-15,60,srb,Miomir Kecmanovic,24,895,+40,31
2024-04-15,61,ger,Yannick Hanfmann,32,894,+6,29
2024-04-15,62,ita,Flavio Cobolli,21,880,-,31
2024-04-15,63,kaz,Alexander Shevchenko,23,879,-55,32
2024-04-15,64,ita,Luciano Darderi,22,875,-,29
2024-04-15,65,aus,Aleksandar Vukic,28,857,+1,30
2024-04-15,66,ger,Daniel Altmaier,25,856,-99,28
2024-04-15,67,bra,Thiago Seyboth Wild,24,831,-,25
2024-04-15,68,fin,Emil Ruusuvuori,25,830,-6,24
2024-04-15,69,rus,Pavel Kotov,25,817,-,21
2024-04-15,70,usa,Alex Michelsen,19,790,-,27
2024-04-15,71,jpn,Yoshihito Nishioka,28,788,-,22
2024-04-15,72,esp,Roberto Carballes Baena,31,771,-,31
2024-04-15,73,esp,Jaume Munar,26,770,-5,29
2024-04-15,74,cze,Jakub Mensik,18,766,-,24
2024-04-15,75,fra,Arthur Cazaux,21,748,-4,24
2024-04-15,76,usa,Mackenzie McDonald,28,745,-,25
2024-04-15,77,aus,Rinky Hijikata,23,738,-,32
2024-04-15,78,aus,Max Purcell,26,731,-,31
2024-04-15,79,fra,Arthur Rinderknech,28,729,+6,31
2024-04-15,80,ind,Sumit Nagal,26,729,+73,28
2024-04-15,81,ita,Luca Nardi,20,718,-30,25
2024-04-15,82,hun,Marton Fucsovics,32,712,-35,22
2024-04-15,83,arg,Federico Coria,32,711,+24,32
2024-04-15,84,esp,Roberto Bautista Agut,36,703,+35,26
2024-04-15,85,jpn,Taro Daniel,31,702,-5,28
2024-04-15,86,sui,Stan Wawrinka,39,697,-45,23
2024-04-15,87,usa,Brandon Nakashima,22,695,-,29
2024-04-15,88,arg,Pedro Cachin,29,673,-50,27
2024-04-15,89,ned,Botic van de Zandschulp,28,670,-45,24
2024-04-15,90,arg,Thiago Agustin Tirante,23,661,-,25
2024-04-15,91,fra,Constant Lestienne,31,658,-,34
2024-04-15,92,fra,Corentin Moutet,24,652,+40,31
2024-04-15,93,col,Daniel Elahi Galan,27,651,-65,28
2024-04-15,94,aus,Thanasi Kokkinakis,28,650,+66,25
2024-04-15,95,ita,Fabio Fognini,36,642,-,21
2024-04-15,96,fra,Hugo Gaston,23,642,-,28
2024-04-15,97,usa,Aleksandar Kovacevic,25,638,-,29
2024-04-15,98,ita,Matteo Berrettini,28,630,-90,16
2024-04-15,99,fra,Luca Van Assche,19,625,-6,25
2024-04-15,100,bel,David Goffin,33,621,-,29
2024-04-08,1,srb,Novak Djokovic,36,"9,725",-,18
2024-04-08,2,ita,Jannik Sinner,22,"8,710",-,20
2024-04-08,3,esp,Carlos Alcaraz,20,"8,645",-,18
2024-04-08,4,rus,Daniil Medvedev,28,"7,165",-,19
2024-04-08,5,ger,Alexander Zverev,26,"5,415",-,26
2024-04-08,6,rus,Andrey Rublev,26,"4,890",-,24
2024-04-08,7,den,Holger Rune,20,"3,795",-,23
2024-04-08,8,pol,Hubert Hurkacz,27,"3,665",+240,24
2024-04-08,9,bul,Grigor Dimitrov,32,"3,540",-,24
2024-04-08,10,nor,Casper Ruud,25,"3,465",-150,24
2024-04-08,11,aus,Alex de Minaur,25,"3,355",-,25
2024-04-08,12,gre,Stefanos Tsitsipas,25,"3,175",-,25
2024-04-08,13,usa,Taylor Fritz,26,"2,765",-,25
2024-04-08,14,usa,Ben Shelton,21,"2,490",+230,27
2024-04-08,15,fra,Ugo Humbert,25,"2,425",-,29
2024-04-08,16,usa,Tommy Paul,26,"2,350",-,26
2024-04-08,17,rus,Karen Khachanov,27,"2,005",-,23
2024-04-08,18,kaz,Alexander Bublik,26,"1,992",-,29
2024-04-08,19,arg,Sebastian Baez,23,"1,955",-25,29
2024-04-08,20,fra,Adrian Mannarino,35,"1,875",-,29
2024-04-08,21,chi,Nicolas Jarry,28,"1,755",-,25
2024-04-08,22,arg,Francisco Cerundolo,25,"1,715",-,27
2024-04-08,23,usa,Frances Tiafoe,26,"1,685",-85,23
2024-04-08,24,ita,Lorenzo Musetti,22,"1,590",-20,29
2024-04-08,25,ger,Jan-Lennard Struff,33,"1,493",-,25
2024-04-08,26,ned,Tallon Griekspoor,27,"1,475",-25,25
2024-04-08,27,usa,Sebastian Korda,23,"1,445",-,23
2024-04-08,28,cze,Jiri Lehecka,22,"1,400",-,27
2024-04-08,29,esp,Alejandro Davidovich Fokina,24,"1,395",-35,24
2024-04-08,30,gbr,Cameron Norrie,28,"1,290",-,25
2024-04-08,31,arg,Tomas Martin Etcheverry,24,"1,260",-50,28
2024-04-08,32,aus,Jordan Thompson,29,"1,235",+40,29
2024-04-08,33,cro,Borna Coric,27,"1,204",-,24
2024-04-08,34,srb,Laslo Djere,28,"1,185",-,25
2024-04-08,35,can,Felix Auger-Aliassime,23,"1,150",-,22
2024-04-08,36,fra,Arthur Fils,19,"1,145",+15,27
2024-04-08,37,hun,Fabian Marozsan,24,"1,122",-,25
2024-04-08,38,ita,Matteo Arnaldi,23,"1,121",-50,23
2024-04-08,39,gbr,Jack Draper,22,"1,101",-,20
2024-04-08,40,fra,Gael Monfils,37,"1,092",+25,23
2024-04-08,41,rus,Roman Safiullin,26,"1,089",-,22
2024-04-08,42,usa,Christopher Eubanks,27,"1,087",-,27
2024-04-08,43,rus,Aslan Karatsev,30,"1,073",-,17
2024-04-08,44,aut,Sebastian Ofner,27,"1,056",-,32
2024-04-08,45,chi,Alejandro Tabilo,26,"1,051",-,23
2024-04-08,46,aus,Alexei Popyrin,24,"1,047",-10,22
2024-04-08,47,cze,Tomas Machac,23,"1,033",-50,23
2024-04-08,48,usa,Marcos Giron,30,"1,030",+40,28
2024-04-08,49,chn,Zhizhen Zhang,27,"1,005",-,25
2024-04-08,50,gbr,Daniel Evans,33,996,-90,27
2024-04-08,51,arg,Mariano Navone,23,976,+93,22
2024-04-08,52,ger,Daniel Altmaier,25,955,-,28
2024-04-08,53,arg,Facundo Diaz Acosta,23,943,-,28
2024-04-08,54,ger,Dominik Koepfer,29,938,-34,24
2024-04-08,55,kaz,Alexander Shevchenko,23,934,-,33
2024-04-08,56,srb,Dusan Lajovic,33,922,-,24
2024-04-08,57,ita,Lorenzo Sonego,28,915,+40,28
2024-04-08,58,por,Nuno Borges,27,911,+40,29
2024-04-08,59,gbr,Andy Murray,36,910,-,27
2024-04-08,60,esp,Pedro Martinez,26,897,+156,29
2024-04-08,61,ger,Yannick Hanfmann,32,888,-82,28
2024-04-08,62,aus,Christopher O'Connell,29,886,-29,30
2024-04-08,63,ita,Flavio Cobolli,21,880,+15,32
2024-04-08,64,ita,Luciano Darderi,22,875,+94,29
2024-04-08,65,aus,Aleksandar Vukic,28,856,+38,30
2024-04-08,66,srb,Miomir Kecmanovic,24,855,-140,31
2024-04-08,67,fin,Emil Ruusuvuori,25,836,-,25
2024-04-08,68,bra,Thiago Seyboth Wild,24,831,-,25
2024-04-08,69,rus,Pavel Kotov,25,817,+10,21
2024-04-08,70,usa,Alex Michelsen,19,790,-,27
2024-04-08,71,jpn,Yoshihito Nishioka,28,788,-,22
2024-04-08,72,esp,Jaume Munar,26,775,+5,29
2024-04-08,73,esp,Roberto Carballes Baena,31,771,-85,31
2024-04-08,74,cze,Jakub Mensik,18,766,-25,24
2024-04-08,75,fra,Arthur Cazaux,21,752,-,25
2024-04-08,76,ita,Luca Nardi,20,748,-,25
2024-04-08,77,hun,Marton Fucsovics,32,747,+50,23
2024-04-08,78,usa,Mackenzie McDonald,28,745,-,26
2024-04-08,79,sui,Stan Wawrinka,39,742,+25,23
2024-04-08,80,aus,Rinky Hijikata,23,738,+15,31
2024-04-08,81,aus,Max Purcell,26,731,+5,31
2024-04-08,82,arg,Pedro Cachin,28,723,-10,28
2024-04-08,83,fra,Arthur Rinderknech,28,723,-,30
2024-04-08,84,ita,Matteo Berrettini,27,720,+250,16
2024-04-08,85,col,Daniel Elahi Galan,27,716,+5,29
2024-04-08,86,ned,Botic van de Zandschulp,28,715,+25,25
2024-04-08,87,jpn,Taro Daniel,31,707,-,28
2024-04-08,88,usa,Brandon Nakashima,22,695,+40,29
2024-04-08,89,arg,Federico Coria,32,687,-,31
2024-04-08,90,esp,Roberto Bautista Agut,35,668,+14,26
2024-04-08,91,arg,Thiago Agustin Tirante,22,661,+109,25
2024-04-08,92,fra,Constant Lestienne,31,658,-,34
2024-04-08,93,ind,Sumit Nagal,26,656,+23,27
2024-04-08,94,ita,Fabio Fognini,36,642,+43,21
2024-04-08,95,fra,Hugo Gaston,23,642,-20,28
2024-04-08,96,usa,Aleksandar Kovacevic,25,638,+25,29
2024-04-08,97,aut,Dominic Thiem,30,635,-20,25
2024-04-08,98,fra,Luca Van Assche,19,631,-10,26
2024-04-08,99,bel,David Goffin,33,621,+27,30
2024-04-08,100,ger,Maximilian Marterer,28,616,-,23
2024-04-01,1,srb,Novak Djokovic,36,"9,725",-,18
2024-04-01,2,ita,Jannik Sinner,22,"8,710",+400,20
2024-04-01,3,esp,Carlos Alcaraz,20,"8,645",-160,18
2024-04-01,4,rus,Daniil Medvedev,28,"7,165",-600,19
2024-04-01,5,ger,Alexander Zverev,26,"5,415",+355,26
2024-04-01,6,rus,Andrey Rublev,26,"4,890",-80,24
2024-04-01,7,den,Holger Rune,20,"3,795",-80,23
2024-04-01,8,nor,Casper Ruud,25,"3,615",+55,24
2024-04-01,9,bul,Grigor Dimitrov,32,"3,540",+605,24
2024-04-01,10,pol,Hubert Hurkacz,27,"3,425",+55,24
2024-04-01,11,aus,Alex de Minaur,25,"3,355",+55,25
2024-04-01,12,gre,Stefanos Tsitsipas,25,"3,175",-80,25
2024-04-01,13,usa,Taylor Fritz,26,"2,765",-170,25
2024-04-01,14,fra,Ugo Humbert,25,"2,425",+5,29
2024-04-01,15,usa,Tommy Paul,26,"2,350",-80,27
2024-04-01,16,usa,Ben Shelton,21,"2,260",+40,27
2024-04-01,17,rus,Karen Khachanov,27,"2,005",-260,23
2024-04-01,18,kaz,Alexander Bublik,26,"1,992",-10,29
2024-04-01,19,arg,Sebastian Baez,23,"1,980",-10,30
2024-04-01,20,fra,Adrian Mannarino,35,"1,875",-80,29
2024-04-01,21,usa,Frances Tiafoe,26,"1,770",-35,23
2024-04-01,22,chi,Nicolas Jarry,28,"1,755",+180,26
2024-04-01,23,arg,Francisco Cerundolo,25,"1,715",-130,26
2024-04-01,24,ita,Lorenzo Musetti,22,"1,610",+90,29
2024-04-01,25,ned,Tallon Griekspoor,27,"1,500",+50,26
2024-04-01,26,ger,Jan-Lennard Struff,33,"1,493",+9,26
2024-04-01,27,usa,Sebastian Korda,23,"1,445",+50,23
2024-04-01,28,esp,Alejandro Davidovich Fokina,24,"1,430",+5,25
2024-04-01,29,cze,Jiri Lehecka,22,"1,400",-35,27
2024-04-01,30,arg,Tomas Martin Etcheverry,24,"1,310",-15,28
2024-04-01,31,gbr,Cameron Norrie,28,"1,290",+40,25
2024-04-01,32,cro,Borna Coric,27,"1,204",-10,24
2024-04-01,33,aus,Jordan Thompson,29,"1,195",-16,29
2024-04-01,34,srb,Laslo Djere,28,"1,185",+5,24
2024-04-01,35,ita,Matteo Arnaldi,23,"1,171",+75,24
2024-04-01,36,can,Felix Auger-Aliassime,23,"1,150",-15,22
2024-04-01,37,fra,Arthur Fils,19,"1,130",+2,26
2024-04-01,38,hun,Fabian Marozsan,24,"1,122",+193,26
2024-04-01,39,gbr,Jack Draper,22,"1,101",+30,20
2024-04-01,40,rus,Roman Safiullin,26,"1,089",+4,22
2024-04-01,41,usa,Christopher Eubanks,27,"1,087",-146,26
2024-04-01,42,gbr,Daniel Evans,33,"1,086",+20,27
2024-04-01,43,cze,Tomas Machac,23,"1,083",+192,24
2024-04-01,44,rus,Aslan Karatsev,30,"1,073",-,18
2024-04-01,45,fra,Gael Monfils,37,"1,067",+40,22
2024-04-01,46,aus,Alexei Popyrin,24,"1,057",+25,23
2024-04-01,47,aut,Sebastian Ofner,27,"1,056",-20,32
2024-04-01,48,chi,Alejandro Tabilo,26,"1,051",+11,23
2024-04-01,49,chn,Zhizhen Zhang,27,"1,005",-,26
2024-04-01,50,srb,Miomir Kecmanovic,24,995,-35,31
2024-04-01,51,usa,Marcos Giron,30,990,-10,28
2024-04-01,52,ger,Dominik Koepfer,29,972,-30,24
2024-04-01,53,ger,Yannick Hanfmann,32,970,+30,29
2024-04-01,54,ger,Daniel Altmaier,25,955,+4,28
2024-04-01,55,arg,Facundo Diaz Acosta,23,943,-,28
2024-04-01,56,kaz,Alexander Shevchenko,23,934,+10,33
2024-04-01,57,srb,Dusan Lajovic,33,922,-35,24
2024-04-01,58,aus,Christopher O'Connell,29,915,+82,31
2024-04-01,59,gbr,Andy Murray,36,910,+40,27
2024-04-01,60,arg,Mariano Navone,23,883,-16,22
2024-04-01,61,ita,Lorenzo Sonego,28,875,-80,27
2024-04-01,62,por,Nuno Borges,27,871,-16,29
2024-04-01,63,ita,Flavio Cobolli,21,865,-,32
2024-04-01,64,esp,Roberto Carballes Baena,31,856,+5,31
2024-04-01,65,fin,Emil Ruusuvuori,24,836,-170,25
2024-04-01,66,bra,Thiago Seyboth Wild,24,831,+63,25
2024-04-01,67,aus,Aleksandar Vukic,27,818,-16,30
2024-04-01,68,rus,Pavel Kotov,25,807,-16,21
2024-04-01,69,cze,Jakub Mensik,18,791,+10,25
2024-04-01,70,usa,Alex Michelsen,19,790,+14,26
2024-04-01,71,jpn,Yoshihito Nishioka,28,788,+10,22
2024-04-01,72,ita,Luciano Darderi,22,781,+10,28
2024-04-01,73,esp,Jaume Munar,26,770,-6,29
2024-04-01,74,fra,Arthur Cazaux,21,752,-22,26
2024-04-01,75,ita,Luca Nardi,20,748,+125,26
2024-04-01,76,usa,Mackenzie McDonald,28,745,-45,26
2024-04-01,77,esp,Pedro Martinez,26,741,+70,29
2024-04-01,78,arg,Pedro Cachin,28,733,-6,28
2024-04-01,79,aus,Max Purcell,25,726,-70,31
2024-04-01,80,aus,Rinky Hijikata,23,723,-1,30
2024-04-01,81,fra,Arthur Rinderknech,28,723,-,29
2024-04-01,82,sui,Stan Wawrinka,39,717,-,22
2024-04-01,83,col,Daniel Elahi Galan,27,711,-1,29
2024-04-01,84,jpn,Taro Daniel,31,707,-35,28
2024-04-01,85,hun,Marton Fucsovics,32,697,+5,22
2024-04-01,86,fra,Alexandre Muller,27,694,-15,30
2024-04-01,87,ned,Botic van de Zandschulp,28,690,-60,25
2024-04-01,88,arg,Federico Coria,32,687,-,30
2024-04-01,89,fra,Hugo Gaston,23,662,-,28
2024-04-01,90,fra,Constant Lestienne,31,658,+13,35
2024-04-01,91,aut,Dominic Thiem,30,655,-,25
2024-04-01,92,usa,Brandon Nakashima,22,655,+5,28
2024-04-01,93,esp,Roberto Bautista Agut,35,654,+40,26
2024-04-01,94,fra,Luca Van Assche,19,641,-95,26
2024-04-01,95,ind,Sumit Nagal,26,633,+10,26
2024-04-01,96,usa,J.J. Wolf,25,625,-15,24
2024-04-01,97,ger,Maximilian Marterer,28,616,+8,22
2024-04-01,98,usa,Aleksandar Kovacevic,25,613,-3,29
2024-04-01,99,fra,Corentin Moutet,24,612,+35,29
2024-04-01,100,ita,Fabio Fognini,36,599,-2,21
2024-03-18,1,srb,Novak Djokovic,36,"9,725",+50,18
2024-03-18,2,esp,Carlos Alcaraz,20,"8,805",-,18
2024-03-18,3,ita,Jannik Sinner,22,"8,310",+40,20
2024-03-18,4,rus,Daniil Medvedev,28,"7,765",+50,19
2024-03-18,5,ger,Alexander Zverev,26,"5,060",+110,26
2024-03-18,6,rus,Andrey Rublev,26,"4,970",-40,24
2024-03-18,7,den,Holger Rune,20,"3,875",+155,23
2024-03-18,8,nor,Casper Ruud,25,"3,560",+155,24
2024-03-18,9,pol,Hubert Hurkacz,27,"3,370",-35,24
2024-03-18,10,aus,Alex de Minaur,25,"3,300",+90,25
2024-03-18,11,gre,Stefanos Tsitsipas,25,"3,255",+85,25
2024-03-18,12,bul,Grigor Dimitrov,32,"2,935",+55,24
2024-03-18,13,usa,Taylor Fritz,26,"2,935",-80,25
2024-03-18,14,usa,Tommy Paul,26,"2,430",+310,27
2024-03-18,15,fra,Ugo Humbert,25,"2,420",+5,29
2024-03-18,16,rus,Karen Khachanov,27,"2,265",-35,23
2024-03-18,17,usa,Ben Shelton,21,"2,220",+75,27
2024-03-18,18,kaz,Alexander Bublik,26,"2,002",+18,29
2024-03-18,19,arg,Sebastian Baez,23,"1,990",+5,30
2024-03-18,20,fra,Adrian Mannarino,35,"1,955",+5,29
2024-03-18,21,arg,Francisco Cerundolo,25,"1,845",+5,26
2024-03-18,22,usa,Frances Tiafoe,26,"1,805",-310,23
2024-03-18,23,chi,Nicolas Jarry,28,"1,575",-,25
2024-03-18,24,ita,Lorenzo Musetti,22,"1,520",+40,29
2024-03-18,25,ger,Jan-Lennard Struff,33,"1,484",-47,26
2024-03-18,26,ned,Tallon Griekspoor,27,"1,450",+5,26
2024-03-18,27,cze,Jiri Lehecka,22,"1,435",+175,27
2024-03-18,28,esp,Alejandro Davidovich Fokina,24,"1,425",-170,25
2024-03-18,29,usa,Sebastian Korda,23,"1,395",+50,23
2024-03-18,30,arg,Tomas Martin Etcheverry,24,"1,325",-10,28
2024-03-18,31,gbr,Cameron Norrie,28,"1,250",-130,25
2024-03-18,32,usa,Christopher Eubanks,27,"1,233",-1,26
2024-03-18,33,cro,Borna Coric,27,"1,214",+20,24
2024-03-18,34,aus,Jordan Thompson,29,"1,211",-35,29
2024-03-18,35,srb,Laslo Djere,28,"1,180",-10,24
2024-03-18,36,can,Felix Auger-Aliassime,23,"1,165",-130,22
2024-03-18,37,fra,Arthur Fils,19,"1,128",+50,25
2024-03-18,38,ita,Matteo Arnaldi,23,"1,096",+5,24
2024-03-18,39,rus,Roman Safiullin,26,"1,085",+5,22
2024-03-18,40,aut,Sebastian Ofner,27,"1,076",-40,33
2024-03-18,41,rus,Aslan Karatsev,30,"1,073",-,18
2024-03-18,42,gbr,Jack Draper,22,"1,071",-80,20
2024-03-18,43,gbr,Daniel Evans,33,"1,066",-,27
2024-03-18,44,chi,Alejandro Tabilo,26,"1,040",-76,24
2024-03-18,45,aus,Alexei Popyrin,24,"1,032",-55,23
2024-03-18,46,srb,Miomir Kecmanovic,24,"1,030",-,31
2024-03-18,47,fra,Gael Monfils,37,"1,027",+90,22
2024-03-18,48,fin,Emil Ruusuvuori,24,"1,006",-35,25
2024-03-18,49,chn,Zhizhen Zhang,27,"1,005",-1,26
2024-03-18,50,ger,Dominik Koepfer,29,"1,002",-6,24
2024-03-18,51,usa,Marcos Giron,30,"1,000",-15,28
2024-03-18,52,srb,Dusan Lajovic,33,957,+30,24
2024-03-18,53,ita,Lorenzo Sonego,28,955,+20,27
2024-03-18,54,ger,Daniel Altmaier,25,951,-10,28
2024-03-18,55,arg,Facundo Diaz Acosta,23,943,-20,27
2024-03-18,56,ger,Yannick Hanfmann,32,940,+20,29
2024-03-18,57,hun,Fabian Marozsan,24,929,+15,26
2024-03-18,58,kaz,Alexander Shevchenko,23,924,-76,33
2024-03-18,59,arg,Mariano Navone,23,899,-7,23
2024-03-18,60,cze,Tomas Machac,23,891,+23,24
2024-03-18,61,por,Nuno Borges,27,887,-,29
2024-03-18,62,gbr,Andy Murray,36,870,-15,27
2024-03-18,63,ita,Flavio Cobolli,21,865,-15,33
2024-03-18,64,esp,Roberto Carballes Baena,30,851,+20,31
2024-03-18,65,aus,Aleksandar Vukic,27,834,+33,30
2024-03-18,66,aus,Christopher O'Connell,29,833,+14,31
2024-03-18,67,rus,Pavel Kotov,25,823,+4,22
2024-03-18,68,aus,Max Purcell,25,796,-,32
2024-03-18,69,usa,Mackenzie McDonald,28,790,-25,26
2024-03-18,70,cze,Jakub Mensik,18,781,+30,24
2024-03-18,71,jpn,Yoshihito Nishioka,28,778,-10,22
2024-03-18,72,esp,Jaume Munar,26,776,-,30
2024-03-18,73,usa,Alex Michelsen,19,776,+22,27
2024-03-18,74,fra,Arthur Cazaux,21,774,+5,27
2024-03-18,75,ita,Luciano Darderi,22,771,-16,28
2024-03-18,76,bra,Thiago Seyboth Wild,24,768,-52,24
2024-03-18,77,ned,Botic van de Zandschulp,28,750,-,25
2024-03-18,78,jpn,Taro Daniel,31,742,-31,28
2024-03-18,79,arg,Pedro Cachin,28,739,-15,29
2024-03-18,80,fra,Luca Van Assche,19,736,+40,26
2024-03-18,81,aus,Rinky Hijikata,23,724,-30,29
2024-03-18,82,fra,Arthur Rinderknech,28,723,+3,29
2024-03-18,83,sui,Stan Wawrinka,38,717,-80,21
2024-03-18,84,col,Daniel Elahi Galan,27,712,+3,30
2024-03-18,85,fra,Alexandre Muller,27,709,+20,30
2024-03-18,86,hun,Marton Fucsovics,32,692,-90,22
2024-03-18,87,arg,Federico Coria,32,687,-,30
2024-03-18,88,esp,Pedro Martinez,26,671,-16,29
2024-03-18,89,fra,Hugo Gaston,23,662,-42,28
2024-03-18,90,aut,Dominic Thiem,30,655,-,25
2024-03-18,91,aut,Jurij Rodionov,24,651,+20,27
2024-03-18,92,usa,Brandon Nakashima,22,650,+5,28
2024-03-18,93,fra,Constant Lestienne,31,645,+39,36
2024-03-18,94,usa,J.J. Wolf,25,640,-,24
2024-03-18,95,per,Juan Pablo Varillas,28,637,+75,25
2024-03-18,96,ita,Luca Nardi,20,623,+110,26
2024-03-18,97,ind,Sumit Nagal,26,623,+20,25
2024-03-18,98,usa,Aleksandar Kovacevic,25,616,-38,29
2024-03-18,99,arg,Thiago Agustin Tirante,22,615,-1,25
2024-03-18,100,esp,Roberto Bautista Agut,35,614,-,26
2024-03-04,1,srb,Novak Djokovic,36,"9,675",-180,18
2024-03-04,2,esp,Carlos Alcaraz,20,"8,805",-,18
2024-03-04,3,ita,Jannik Sinner,22,"8,270",-,20
2024-03-04,4,rus,Daniil Medvedev,28,"7,715",-300,19
2024-03-04,5,rus,Andrey Rublev,26,"5,010",-100,24
2024-03-04,6,ger,Alexander Zverev,26,"4,950",-135,26
2024-03-04,7,den,Holger Rune,20,"3,720",+20,23
2024-03-04,8,pol,Hubert Hurkacz,27,"3,405",+10,24
2024-03-04,9,nor,Casper Ruud,25,"3,405",+285,24
2024-03-04,10,aus,Alex de Minaur,25,"3,210",-,25
2024-03-04,11,gre,Stefanos Tsitsipas,25,"3,170",+90,25
2024-03-04,12,usa,Taylor Fritz,26,"3,015",-135,25
2024-03-04,13,bul,Grigor Dimitrov,32,"2,880",-45,24
2024-03-04,14,fra,Ugo Humbert,25,"2,415",+425,29
2024-03-04,15,rus,Karen Khachanov,27,"2,300",+40,23
2024-03-04,16,usa,Ben Shelton,21,"2,145",+90,27
2024-03-04,17,usa,Tommy Paul,26,"2,120",-255,27
2024-03-04,18,usa,Frances Tiafoe,26,"2,115",-40,23
2024-03-04,19,arg,Sebastian Baez,23,"1,985",+160,30
2024-03-04,20,kaz,Alexander Bublik,26,"1,984",+285,30
2024-03-04,21,fra,Adrian Mannarino,35,"1,950",-,29
2024-03-04,22,arg,Francisco Cerundolo,25,"1,840",-,26
2024-03-04,23,esp,Alejandro Davidovich Fokina,24,"1,595",+55,25
2024-03-04,24,chi,Nicolas Jarry,28,"1,575",-200,24
2024-03-04,25,ger,Jan-Lennard Struff,33,"1,531",-,27
2024-03-04,26,ita,Lorenzo Musetti,22,"1,480",-,29
2024-03-04,27,ned,Tallon Griekspoor,27,"1,445",+5,26
2024-03-04,28,gbr,Cameron Norrie,28,"1,380",-,25
2024-03-04,29,usa,Sebastian Korda,23,"1,345",+100,23
2024-03-04,30,arg,Tomas Martin Etcheverry,24,"1,335",-135,28
2024-03-04,31,can,Felix Auger-Aliassime,23,"1,295",-45,22
2024-03-04,32,cze,Jiri Lehecka,22,"1,260",+80,28
2024-03-04,33,aus,Jordan Thompson,29,"1,246",-,29
2024-03-04,34,usa,Christopher Eubanks,27,"1,234",-,24
2024-03-04,35,cro,Borna Coric,27,"1,194",-80,24
2024-03-04,36,srb,Laslo Djere,28,"1,190",-35,24
2024-03-04,37,gbr,Jack Draper,22,"1,151",+200,20
2024-03-04,38,aut,Sebastian Ofner,27,"1,116",+25,32
2024-03-04,39,chi,Alejandro Tabilo,26,"1,116",+165,24
2024-03-04,40,ita,Matteo Arnaldi,23,"1,091",+30,25
2024-03-04,41,aus,Alexei Popyrin,24,"1,087",-,24
2024-03-04,42,rus,Roman Safiullin,26,"1,080",-,22
2024-03-04,43,fra,Arthur Fils,19,"1,078",+50,24
2024-03-04,44,rus,Aslan Karatsev,30,"1,073",-,17
2024-03-04,45,gbr,Daniel Evans,33,"1,066",-,27
2024-03-04,46,fin,Emil Ruusuvuori,24,"1,041",-,26
2024-03-04,47,srb,Miomir Kecmanovic,24,"1,030",+90,31
2024-03-04,48,usa,Marcos Giron,30,"1,015",-,28
2024-03-04,49,ger,Dominik Koepfer,29,"1,008",+90,24
2024-03-04,50,chn,Zhizhen Zhang,27,"1,006",-,27
2024-03-04,51,kaz,Alexander Shevchenko,23,"1,000",-,33
2024-03-04,52,arg,Facundo Diaz Acosta,23,963,+15,29
2024-03-04,53,ger,Daniel Altmaier,25,961,+40,28
2024-03-04,54,fra,Gael Monfils,37,937,-,23
2024-03-04,55,ita,Lorenzo Sonego,28,935,-40,27
2024-03-04,56,srb,Dusan Lajovic,33,927,+5,23
2024-03-04,57,ger,Yannick Hanfmann,32,920,-47,27
2024-03-04,58,hun,Fabian Marozsan,24,914,-,27
2024-03-04,59,arg,Mariano Navone,23,906,-,26
2024-03-04,60,por,Nuno Borges,27,887,-35,28
2024-03-04,61,gbr,Andy Murray,36,885,+40,27
2024-03-04,62,ita,Flavio Cobolli,21,880,+55,34
2024-03-04,63,cze,Tomas Machac,23,868,+5,23
2024-03-04,64,esp,Roberto Carballes Baena,30,831,-20,31
2024-03-04,65,bra,Thiago Seyboth Wild,23,820,+18,25
2024-03-04,66,aus,Christopher O'Connell,29,819,-15,31
2024-03-04,67,rus,Pavel Kotov,25,819,-59,22
2024-03-04,68,usa,Mackenzie McDonald,28,815,-80,26
2024-03-04,69,aus,Aleksandar Vukic,27,801,-8,30
2024-03-04,70,sui,Stan Wawrinka,38,797,-,21
2024-03-04,71,aus,Max Purcell,25,796,-90,31
2024-03-04,72,jpn,Yoshihito Nishioka,28,788,+63,23
2024-03-04,73,ita,Luciano Darderi,22,787,+40,30
2024-03-04,74,hun,Marton Fucsovics,32,782,+25,23
2024-03-04,75,esp,Jaume Munar,26,776,-40,30
2024-03-04,76,jpn,Taro Daniel,31,773,-97,28
2024-03-04,77,fra,Arthur Cazaux,21,769,+68,26
2024-03-04,78,aus,Rinky Hijikata,23,754,+2,30
2024-03-04,79,arg,Pedro Cachin,28,754,-,29
2024-03-04,80,usa,Alex Michelsen,19,754,-22,26
2024-03-04,81,cze,Jakub Mensik,18,751,+50,23
2024-03-04,82,ned,Botic van de Zandschulp,28,750,-40,25
2024-03-04,83,fra,Arthur Rinderknech,28,720,+55,29
2024-03-04,84,col,Daniel Elahi Galan,27,709,-,29
2024-03-04,85,fra,Hugo Gaston,23,704,-,29
2024-03-04,86,fra,Luca Van Assche,19,696,-112,24
2024-03-04,87,chi,Cristian Garin,27,690,-20,23
2024-03-04,88,fra,Alexandre Muller,27,689,-40,29
2024-03-04,89,esp,Pedro Martinez,26,687,+91,31
2024-03-04,90,arg,Federico Coria,31,687,+9,31
2024-03-04,91,aut,Dominic Thiem,30,655,-,25
2024-03-04,92,usa,Aleksandar Kovacevic,25,654,-,30
2024-03-04,93,usa,Brandon Nakashima,22,645,-25,28
2024-03-04,94,usa,J.J. Wolf,25,640,-,23
2024-03-04,95,ger,Maximilian Marterer,28,637,+25,23
2024-03-04,96,aut,Jurij Rodionov,24,631,-25,25
2024-03-04,97,arg,Thiago Agustin Tirante,22,616,+18,28
2024-03-04,98,esp,Roberto Bautista Agut,35,614,+3,27
2024-03-04,99,aus,Thanasi Kokkinakis,27,609,-36,24
2024-03-04,100,fra,Constant Lestienne,31,606,+2,35
2024-02-26,1,srb,Novak Djokovic,36,"9,855",-,19
2024-02-26,2,esp,Carlos Alcaraz,20,"8,805",-300,18
2024-02-26,3,ita,Jannik Sinner,22,"8,270",-,20
2024-02-26,4,rus,Daniil Medvedev,28,"8,015",-250,19
2024-02-26,5,rus,Andrey Rublev,26,"5,110",+5,24
2024-02-26,6,ger,Alexander Zverev,26,"5,085",+55,26
2024-02-26,7,den,Holger Rune,20,"3,700",-,23
2024-02-26,8,pol,Hubert Hurkacz,27,"3,395",-205,24
2024-02-26,9,aus,Alex de Minaur,25,"3,210",-,25
2024-02-26,10,usa,Taylor Fritz,26,"3,150",-,25
2024-02-26,11,nor,Casper Ruud,25,"3,120",+155,24
2024-02-26,12,gre,Stefanos Tsitsipas,25,"3,080",+90,24
2024-02-26,13,bul,Grigor Dimitrov,32,"2,925",-,23
2024-02-26,14,usa,Tommy Paul,26,"2,375",-,27
2024-02-26,15,rus,Karen Khachanov,27,"2,260",+250,23
2024-02-26,16,usa,Frances Tiafoe,26,"2,155",-,23
2024-02-26,17,usa,Ben Shelton,21,"2,055",-,27
2024-02-26,18,fra,Ugo Humbert,25,"1,990",-,29
2024-02-26,19,fra,Adrian Mannarino,35,"1,950",-,29
2024-02-26,20,arg,Francisco Cerundolo,25,"1,840",+155,27
2024-02-26,21,arg,Sebastian Baez,23,"1,825",+410,30
2024-02-26,22,chi,Nicolas Jarry,28,"1,775",-190,24
2024-02-26,23,kaz,Alexander Bublik,26,"1,699",-40,30
2024-02-26,24,esp,Alejandro Davidovich Fokina,24,"1,540",-35,25
2024-02-26,25,ger,Jan-Lennard Struff,33,"1,531",-,27
2024-02-26,26,ita,Lorenzo Musetti,21,"1,480",-,29
2024-02-26,27,arg,Tomas Martin Etcheverry,24,"1,470",-,29
2024-02-26,28,ned,Tallon Griekspoor,27,"1,440",-,26
2024-02-26,29,gbr,Cameron Norrie,28,"1,380",-300,25
2024-02-26,30,can,Felix Auger-Aliassime,23,"1,340",-80,22
2024-02-26,31,cro,Borna Coric,27,"1,274",-,24
2024-02-26,32,aus,Jordan Thompson,29,"1,246",+175,28
2024-02-26,33,usa,Sebastian Korda,23,"1,245",-,22
2024-02-26,34,usa,Christopher Eubanks,27,"1,234",-,24
2024-02-26,35,srb,Laslo Djere,28,"1,225",+5,25
2024-02-26,36,cze,Jiri Lehecka,22,"1,180",-70,28
2024-02-26,37,aut,Sebastian Ofner,27,"1,091",-,31
2024-02-26,38,aus,Alexei Popyrin,24,"1,087",+90,25
2024-02-26,39,rus,Roman Safiullin,26,"1,080",-,21
2024-02-26,40,rus,Aslan Karatsev,30,"1,073",-,17
2024-02-26,41,gbr,Daniel Evans,33,"1,066",+25,27
2024-02-26,42,ita,Matteo Arnaldi,23,"1,061",-,25
2024-02-26,43,fin,Emil Ruusuvuori,24,"1,041",+30,27
2024-02-26,44,fra,Arthur Fils,19,"1,028",-90,24
2024-02-26,45,usa,Marcos Giron,30,"1,015",+15,29
2024-02-26,46,chn,Zhizhen Zhang,27,"1,006",+15,26
2024-02-26,47,kaz,Alexander Shevchenko,23,"1,000",-,33
2024-02-26,48,ita,Lorenzo Sonego,28,975,-,27
2024-02-26,49,ger,Yannick Hanfmann,32,967,+40,27
2024-02-26,50,gbr,Jack Draper,22,951,-,19
2024-02-26,51,chi,Alejandro Tabilo,26,951,-10,24
2024-02-26,52,arg,Facundo Diaz Acosta,23,948,+41,28
2024-02-26,53,srb,Miomir Kecmanovic,24,940,-,31
2024-02-26,54,fra,Gael Monfils,37,937,+100,22
2024-02-26,55,srb,Dusan Lajovic,33,922,+10,23
2024-02-26,56,por,Nuno Borges,27,922,-75,28
2024-02-26,57,ger,Daniel Altmaier,25,921,-15,28
2024-02-26,58,ger,Dominik Koepfer,29,918,-,24
2024-02-26,59,hun,Fabian Marozsan,24,914,+18,27
2024-02-26,60,arg,Mariano Navone,22,906,+355,26
2024-02-26,61,usa,Mackenzie McDonald,28,895,-,27
2024-02-26,62,aus,Max Purcell,25,886,-75,31
2024-02-26,63,rus,Pavel Kotov,25,878,+19,22
2024-02-26,64,jpn,Taro Daniel,31,870,-,28
2024-02-26,65,cze,Tomas Machac,23,863,-,23
2024-02-26,66,esp,Roberto Carballes Baena,30,851,-,31
2024-02-26,67,gbr,Andy Murray,36,845,-125,26
2024-02-26,68,aus,Christopher O'Connell,29,834,-20,31
2024-02-26,69,ita,Flavio Cobolli,21,825,-,33
2024-02-26,70,esp,Jaume Munar,26,816,+40,30
2024-02-26,71,aus,Aleksandar Vukic,27,809,+17,31
2024-02-26,72,fra,Luca Van Assche,19,808,-,24
2024-02-26,73,bra,Thiago Seyboth Wild,23,802,+94,25
2024-02-26,74,sui,Stan Wawrinka,38,797,-45,21
2024-02-26,75,ned,Botic van de Zandschulp,28,790,-20,25
2024-02-26,76,usa,Alex Michelsen,19,776,-,27
2024-02-26,77,hun,Marton Fucsovics,32,757,+25,22
2024-02-26,78,arg,Pedro Cachin,28,754,-,29
2024-02-26,79,aus,Rinky Hijikata,23,752,+15,30
2024-02-26,80,ita,Luciano Darderi,22,747,-,30
2024-02-26,81,fra,Alexandre Muller,27,729,-44,30
2024-02-26,82,jpn,Yoshihito Nishioka,28,725,+25,23
2024-02-26,83,chi,Cristian Garin,27,710,+50,23
2024-02-26,84,col,Daniel Elahi Galan,27,709,-35,30
2024-02-26,85,fra,Hugo Gaston,23,704,-9,29
2024-02-26,86,fra,Arthur Cazaux,21,701,-,25
2024-02-26,87,cze,Jakub Mensik,18,701,+165,22
2024-02-26,88,arg,Federico Coria,31,678,-,30
2024-02-26,89,usa,Brandon Nakashima,22,670,+15,29
2024-02-26,90,fra,Arthur Rinderknech,28,665,-,29
2024-02-26,91,aut,Jurij Rodionov,24,656,-8,26
2024-02-26,92,aut,Dominic Thiem,30,655,-,26
2024-02-26,93,usa,Aleksandar Kovacevic,25,654,+38,30
2024-02-26,94,aus,Thanasi Kokkinakis,27,645,+41,25
2024-02-26,95,usa,J.J. Wolf,25,640,-,24
2024-02-26,96,ger,Maximilian Marterer,28,612,-4,23
2024-02-26,97,ind,Sumit Nagal,26,612,-2,24
2024-02-26,98,esp,Roberto Bautista Agut,35,611,-10,26
2024-02-26,99,fra,Constant Lestienne,31,604,-,35
2024-02-26,100,arg,Thiago Agustin Tirante,22,598,-,27
2024-02-19,1,srb,Novak Djokovic,36,"9,855",-,19
2024-02-19,2,esp,Carlos Alcaraz,20,"9,105",-150,18
2024-02-19,3,ita,Jannik Sinner,22,"8,270",+200,21
2024-02-19,4,rus,Daniil Medvedev,28,"8,265",-500,20
2024-02-19,5,rus,Andrey Rublev,26,"5,105",+55,24
2024-02-19,6,ger,Alexander Zverev,26,"5,030",-,26
2024-02-19,7,den,Holger Rune,20,"3,700",+5,23
2024-02-19,8,pol,Hubert Hurkacz,27,"3,600",+5,25
2024-02-19,9,aus,Alex de Minaur,25,"3,210",+240,25
2024-02-19,10,usa,Taylor Fritz,26,"3,150",-,25
2024-02-19,11,gre,Stefanos Tsitsipas,25,"2,990",-35,23
2024-02-19,12,nor,Casper Ruud,25,"2,965",-,23
2024-02-19,13,bul,Grigor Dimitrov,32,"2,925",+20,24
2024-02-19,14,usa,Tommy Paul,26,"2,375",+120,27
2024-02-19,15,usa,Frances Tiafoe,26,"2,155",+90,23
2024-02-19,16,usa,Ben Shelton,21,"2,055",-,27
2024-02-19,17,rus,Karen Khachanov,27,"2,010",-,22
2024-02-19,18,fra,Ugo Humbert,25,"1,990",-,28
2024-02-19,19,chi,Nicolas Jarry,28,"1,965",+155,24
2024-02-19,20,fra,Adrian Mannarino,35,"1,950",-25,30
2024-02-19,21,kaz,Alexander Bublik,26,"1,739",+40,30
2024-02-19,22,arg,Francisco Cerundolo,25,"1,685",-35,27
2024-02-19,23,gbr,Cameron Norrie,28,"1,680",-140,25
2024-02-19,24,esp,Alejandro Davidovich Fokina,24,"1,575",-,25
2024-02-19,25,ger,Jan-Lennard Struff,33,"1,531",+5,26
2024-02-19,26,ita,Lorenzo Musetti,21,"1,480",-,29
2024-02-19,27,arg,Tomas Martin Etcheverry,24,"1,470",+5,30
2024-02-19,28,ned,Tallon Griekspoor,27,"1,440",+20,27
2024-02-19,29,can,Felix Auger-Aliassime,23,"1,420",-40,23
2024-02-19,30,arg,Sebastian Baez,23,"1,415",+40,30
2024-02-19,31,cro,Borna Coric,27,"1,274",-,24
2024-02-19,32,cze,Jiri Lehecka,22,"1,250",-,29
2024-02-19,33,usa,Sebastian Korda,23,"1,245",-,22
2024-02-19,34,usa,Christopher Eubanks,27,"1,234",-1,25
2024-02-19,35,srb,Laslo Djere,28,"1,220",+5,25
2024-02-19,36,fra,Arthur Fils,19,"1,118",-,24
2024-02-19,37,aut,Sebastian Ofner,27,"1,091",-,31
2024-02-19,38,rus,Roman Safiullin,26,"1,080",-10,21
2024-02-19,39,rus,Aslan Karatsev,30,"1,073",-20,18
2024-02-19,40,aus,Jordan Thompson,29,"1,071",+24,28
2024-02-19,41,ita,Matteo Arnaldi,22,"1,061",+15,24
2024-02-19,42,gbr,Daniel Evans,33,"1,041",-,27
2024-02-19,43,fin,Emil Ruusuvuori,24,"1,011",+80,27
2024-02-19,44,usa,Marcos Giron,30,"1,000",+55,28
2024-02-19,45,kaz,Alexander Shevchenko,23,"1,000",+80,32
2024-02-19,46,aus,Alexei Popyrin,24,997,-15,24
2024-02-19,47,por,Nuno Borges,26,997,-7,28
2024-02-19,48,chn,Zhizhen Zhang,27,991,-,25
2024-02-19,49,ita,Lorenzo Sonego,28,975,-,27
2024-02-19,50,gbr,Andy Murray,36,970,-,26
2024-02-19,51,aus,Max Purcell,25,961,-90,31
2024-02-19,52,chi,Alejandro Tabilo,26,961,+25,24
2024-02-19,53,gbr,Jack Draper,22,951,-,18
2024-02-19,54,srb,Miomir Kecmanovic,24,940,-140,30
2024-02-19,55,ger,Daniel Altmaier,25,936,-,29
2024-02-19,56,ger,Yannick Hanfmann,32,927,-2,27
2024-02-19,57,ger,Dominik Koepfer,29,918,-,24
2024-02-19,58,srb,Dusan Lajovic,33,912,-7,23
2024-02-19,59,arg,Facundo Diaz Acosta,23,907,+230,27
2024-02-19,60,hun,Fabian Marozsan,24,896,-,26
2024-02-19,61,usa,Mackenzie McDonald,28,895,-80,27
2024-02-19,62,jpn,Taro Daniel,31,870,-,28
2024-02-19,63,cze,Tomas Machac,23,863,-18,24
2024-02-19,64,rus,Pavel Kotov,25,859,-,22
2024-02-19,65,aus,Christopher O'Connell,29,854,-,31
2024-02-19,66,esp,Roberto Carballes Baena,30,851,-10,31
2024-02-19,67,sui,Stan Wawrinka,38,842,-65,21
2024-02-19,68,fra,Gael Monfils,37,837,+50,21
2024-02-19,69,ita,Flavio Cobolli,21,825,+46,32
2024-02-19,70,ned,Botic van de Zandschulp,28,810,-45,25
2024-02-19,71,fra,Luca Van Assche,19,808,-6,25
2024-02-19,72,aus,Aleksandar Vukic,27,792,-18,31
2024-02-19,73,esp,Jaume Munar,26,776,-10,30
2024-02-19,74,usa,Alex Michelsen,19,776,+17,27
2024-02-19,75,fra,Alexandre Muller,27,773,-,30
2024-02-19,76,arg,Pedro Cachin,28,754,-9,29
2024-02-19,77,ita,Luciano Darderi,22,747,+25,30
2024-02-19,78,col,Daniel Elahi Galan,27,744,+28,30
2024-02-19,79,aus,Rinky Hijikata,22,737,+40,30
2024-02-19,80,hun,Marton Fucsovics,32,732,+50,22
2024-02-19,81,fra,Hugo Gaston,23,713,+2,30
2024-02-19,82,bra,Thiago Seyboth Wild,23,708,-,24
2024-02-19,83,fra,Arthur Cazaux,21,701,-13,25
2024-02-19,84,jpn,Yoshihito Nishioka,28,700,-20,22
2024-02-19,85,arg,Federico Coria,31,678,+90,29
2024-02-19,86,fra,Arthur Rinderknech,28,665,-,29
2024-02-19,87,aut,Jurij Rodionov,24,664,-2,26
2024-02-19,88,chi,Cristian Garin,27,660,-,23
2024-02-19,89,aut,Dominic Thiem,30,655,-9,27
2024-02-19,90,usa,Brandon Nakashima,22,655,-,28
2024-02-19,91,cro,Borna Gojo,25,653,-,21
2024-02-19,92,usa,J.J. Wolf,25,640,-10,24
2024-02-19,93,esp,Bernabe Zapata Miralles,27,637,-83,27
2024-02-19,94,sui,Dominic Stricker,21,632,-,19
2024-02-19,95,esp,Pedro Martinez,26,632,-,32
2024-02-19,96,esp,Albert Ramos-Vinolas,36,623,-,32
2024-02-19,97,esp,Roberto Bautista Agut,35,621,-,26
2024-02-19,98,aus,James Duckworth,32,621,-11,26
2024-02-19,99,ger,Maximilian Marterer,28,616,-,23
2024-02-19,100,usa,Aleksandar Kovacevic,25,616,-,30
2024-02-12,1,srb,Novak Djokovic,36,"9,855",-,19
2024-02-12,2,esp,Carlos Alcaraz,20,"9,255",-,18
2024-02-12,3,rus,Daniil Medvedev,28,"8,765",-,21
2024-02-12,4,ita,Jannik Sinner,22,"8,070",-240,21
2024-02-12,5,rus,Andrey Rublev,26,"5,050",-,24
2024-02-12,6,ger,Alexander Zverev,26,"5,030",-,27
2024-02-12,7,den,Holger Rune,20,"3,695",-80,23
2024-02-12,8,pol,Hubert Hurkacz,27,"3,595",+55,25
2024-02-12,9,usa,Taylor Fritz,26,"3,150",-45,25
2024-02-12,10,gre,Stefanos Tsitsipas,25,"3,025",-,24
2024-02-12,11,aus,Alex de Minaur,24,"2,970",-,25
2024-02-12,12,nor,Casper Ruud,25,"2,965",-,23
2024-02-12,13,bul,Grigor Dimitrov,32,"2,905",+120,24
2024-02-12,14,usa,Tommy Paul,26,"2,255",+205,27
2024-02-12,15,usa,Frances Tiafoe,26,"2,065",+5,22
2024-02-12,16,usa,Ben Shelton,21,"2,055",+90,28
2024-02-12,17,rus,Karen Khachanov,27,"2,010",+100,22
2024-02-12,18,fra,Ugo Humbert,25,"1,990",+215,27
2024-02-12,19,fra,Adrian Mannarino,35,"1,975",+55,30
2024-02-12,20,gbr,Cameron Norrie,28,"1,820",-,25
2024-02-12,21,chi,Nicolas Jarry,28,"1,810",-,23
2024-02-12,22,arg,Francisco Cerundolo,25,"1,720",-,27
2024-02-12,23,kaz,Alexander Bublik,26,"1,699",-,30
2024-02-12,24,esp,Alejandro Davidovich Fokina,24,"1,575",+40,25
2024-02-12,25,ger,Jan-Lennard Struff,33,"1,526",-,26
2024-02-12,26,ita,Lorenzo Musetti,21,"1,480",-,29
2024-02-12,27,arg,Tomas Martin Etcheverry,24,"1,465",+35,30
2024-02-12,28,can,Felix Auger-Aliassime,23,"1,460",+15,23
2024-02-12,29,ned,Tallon Griekspoor,27,"1,420",-,27
2024-02-12,30,arg,Sebastian Baez,23,"1,375",-150,30
2024-02-12,31,cro,Borna Coric,27,"1,274",-35,23
2024-02-12,32,cze,Jiri Lehecka,22,"1,250",+5,28
2024-02-12,33,usa,Sebastian Korda,23,"1,245",+25,21
2024-02-12,34,usa,Christopher Eubanks,27,"1,235",+15,26
2024-02-12,35,srb,Laslo Djere,28,"1,215",-,25
2024-02-12,36,fra,Arthur Fils,19,"1,118",-90,23
2024-02-12,37,rus,Aslan Karatsev,30,"1,093",-,19
2024-02-12,38,aut,Sebastian Ofner,27,"1,091",-,31
2024-02-12,39,rus,Roman Safiullin,26,"1,090",-,21
2024-02-12,40,srb,Miomir Kecmanovic,24,"1,080",-,30
2024-02-12,41,aus,Max Purcell,25,"1,051",+15,31
2024-02-12,42,aus,Jordan Thompson,29,"1,047",+25,28
2024-02-12,43,ita,Matteo Arnaldi,22,"1,046",-,24
2024-02-12,44,gbr,Daniel Evans,33,"1,041",-,26
2024-02-12,45,aus,Alexei Popyrin,24,"1,012",-,25
2024-02-12,46,por,Nuno Borges,26,"1,004",-,28
2024-02-12,47,chn,Zhizhen Zhang,27,991,+40,24
2024-02-12,48,ita,Lorenzo Sonego,28,975,-35,27
2024-02-12,49,usa,Mackenzie McDonald,28,975,-,28
2024-02-12,50,gbr,Andy Murray,36,970,-,26
2024-02-12,51,gbr,Jack Draper,22,951,-,18
2024-02-12,52,usa,Marcos Giron,30,945,+120,28
2024-02-12,53,ger,Daniel Altmaier,25,936,-10,29
2024-02-12,54,chi,Alejandro Tabilo,26,936,-,23
2024-02-12,55,fin,Emil Ruusuvuori,24,931,+5,27
2024-02-12,56,ger,Yannick Hanfmann,32,929,+40,27
2024-02-12,57,kaz,Alexander Shevchenko,23,920,+5,31
2024-02-12,58,srb,Dusan Lajovic,33,919,-20,23
2024-02-12,59,ger,Dominik Koepfer,29,918,+50,24
2024-02-12,60,sui,Stan Wawrinka,38,907,-,21
2024-02-12,61,hun,Fabian Marozsan,24,896,-,25
2024-02-12,62,cze,Tomas Machac,23,881,+43,25
2024-02-12,63,jpn,Taro Daniel,31,870,+12,28
2024-02-12,64,esp,Roberto Carballes Baena,30,861,+15,31
2024-02-12,65,rus,Pavel Kotov,25,859,-,23
2024-02-12,66,ned,Botic van de Zandschulp,28,855,-,25
2024-02-12,67,aus,Christopher O'Connell,29,854,-,31
2024-02-12,68,fra,Luca Van Assche,19,814,-,26
2024-02-12,69,aus,Aleksandar Vukic,27,810,-,31
2024-02-12,70,fra,Gael Monfils,37,787,-,20
2024-02-12,71,esp,Jaume Munar,26,786,+40,31
2024-02-12,72,ita,Flavio Cobolli,21,779,-,31
2024-02-12,73,fra,Alexandre Muller,27,773,-,31
2024-02-12,74,arg,Pedro Cachin,28,763,-,29
2024-02-12,75,usa,Alex Michelsen,19,759,+18,26
2024-02-12,76,ita,Luciano Darderi,21,722,+231,29
2024-02-12,77,jpn,Yoshihito Nishioka,28,720,+25,22
2024-02-12,78,esp,Bernabe Zapata Miralles,27,720,+5,27
2024-02-12,79,aus,Thanasi Kokkinakis,27,716,-,24
2024-02-12,80,col,Daniel Elahi Galan,27,716,-,30
2024-02-12,81,fra,Arthur Cazaux,21,714,-,26
2024-02-12,82,fra,Hugo Gaston,23,711,+27,30
2024-02-12,83,bra,Thiago Seyboth Wild,23,708,-,23
2024-02-12,84,aus,Rinky Hijikata,22,697,+17,29
2024-02-12,85,per,Juan Pablo Varillas,28,684,-,24
2024-02-12,86,hun,Marton Fucsovics,32,682,-20,21
2024-02-12,87,arg,Facundo Diaz Acosta,23,677,+43,27
2024-02-12,88,aut,Jurij Rodionov,24,666,-,27
2024-02-12,89,fra,Arthur Rinderknech,28,665,+30,29
2024-02-12,90,aut,Dominic Thiem,30,664,-,28
2024-02-12,91,chi,Cristian Garin,27,660,-20,23
2024-02-12,92,usa,Brandon Nakashima,22,655,-,27
2024-02-12,93,cro,Borna Gojo,25,653,-,21
2024-02-12,94,usa,J.J. Wolf,25,650,-80,25
2024-02-12,95,sui,Dominic Stricker,21,632,-,19
2024-02-12,96,esp,Pedro Martinez,26,632,-,33
2024-02-12,97,aus,James Duckworth,32,632,+41,27
2024-02-12,98,ind,Sumit Nagal,26,630,+100,24
2024-02-12,99,esp,Albert Ramos-Vinolas,36,623,-65,33
2024-02-12,100,esp,Roberto Bautista Agut,35,621,+15,27
2024-02-05,1,srb,Novak Djokovic,36,"9,855",-,19
2024-02-05,2,esp,Carlos Alcaraz,20,"9,255",-,18
2024-02-05,3,rus,Daniil Medvedev,27,"8,765",-,21
2024-02-05,4,ita,Jannik Sinner,22,"8,310",-,22
2024-02-05,5,rus,Andrey Rublev,26,"5,050",-,24
2024-02-05,6,ger,Alexander Zverev,26,"5,030",-,27
2024-02-05,7,den,Holger Rune,20,"3,775",+90,24
2024-02-05,8,pol,Hubert Hurkacz,26,"3,540",-,24
2024-02-05,9,usa,Taylor Fritz,26,"3,195",-,26
2024-02-05,10,gre,Stefanos Tsitsipas,25,"3,025",-,24
2024-02-05,11,aus,Alex de Minaur,24,"2,970",-,25
2024-02-05,12,nor,Casper Ruud,25,"2,965",-,23
2024-02-05,13,bul,Grigor Dimitrov,32,"2,785",-,23
2024-02-05,14,usa,Frances Tiafoe,26,"2,060",-,22
2024-02-05,15,usa,Tommy Paul,26,"2,050",-,26
2024-02-05,16,usa,Ben Shelton,21,"1,965",-,27
2024-02-05,17,fra,Adrian Mannarino,35,"1,920",-,30
2024-02-05,18,rus,Karen Khachanov,27,"1,910",-,21
2024-02-05,19,gbr,Cameron Norrie,28,"1,820",-,25
2024-02-05,20,chi,Nicolas Jarry,28,"1,810",-,23
2024-02-05,21,fra,Ugo Humbert,25,"1,775",-,27
2024-02-05,22,arg,Francisco Cerundolo,25,"1,720",-,27
2024-02-05,23,kaz,Alexander Bublik,26,"1,699",+240,31
2024-02-05,24,esp,Alejandro Davidovich Fokina,24,"1,535",-,25
2024-02-05,25,ger,Jan-Lennard Struff,33,"1,526",-,27
2024-02-05,26,arg,Sebastian Baez,23,"1,525",-,30
2024-02-05,27,ita,Lorenzo Musetti,21,"1,480",-,28
2024-02-05,28,can,Felix Auger-Aliassime,23,"1,445",+100,22
2024-02-05,29,arg,Tomas Martin Etcheverry,24,"1,430",-,30
2024-02-05,30,ned,Tallon Griekspoor,27,"1,420",-,27
2024-02-05,31,cro,Borna Coric,27,"1,309",+155,24
2024-02-05,32,cze,Jiri Lehecka,22,"1,245",-,27
2024-02-05,33,usa,Christopher Eubanks,27,"1,220",-,26
2024-02-05,34,usa,Sebastian Korda,23,"1,220",-,20
2024-02-05,35,srb,Laslo Djere,28,"1,215",-,25
2024-02-05,36,fra,Arthur Fils,19,"1,208",-,24
2024-02-05,37,rus,Aslan Karatsev,30,"1,093",-,20
2024-02-05,38,aut,Sebastian Ofner,27,"1,091",-,30
2024-02-05,39,rus,Roman Safiullin,26,"1,090",-100,21
2024-02-05,40,srb,Miomir Kecmanovic,24,"1,080",-,31
2024-02-05,41,ita,Matteo Arnaldi,22,"1,046",-65,24
2024-02-05,42,gbr,Daniel Evans,33,"1,041",-,26
2024-02-05,43,aus,Max Purcell,25,"1,036",-,30
2024-02-05,44,aus,Jordan Thompson,29,"1,022",-,28
2024-02-05,45,aus,Alexei Popyrin,24,"1,012",-,25
2024-02-05,46,ita,Lorenzo Sonego,28,"1,010",-,28
2024-02-05,47,por,Nuno Borges,26,"1,004",-,28
2024-02-05,48,usa,Mackenzie McDonald,28,975,-,29
2024-02-05,49,gbr,Andy Murray,36,970,-,25
2024-02-05,50,chn,Zhizhen Zhang,27,951,-,23
2024-02-05,51,gbr,Jack Draper,22,951,-,18
2024-02-05,52,ger,Daniel Altmaier,25,946,-,29
2024-02-05,53,srb,Dusan Lajovic,33,939,-,24
2024-02-05,54,chi,Alejandro Tabilo,26,936,-,24
2024-02-05,55,fin,Emil Ruusuvuori,24,926,-,27
2024-02-05,56,kaz,Alexander Shevchenko,23,915,+30,31
2024-02-05,57,sui,Stan Wawrinka,38,907,-,21
2024-02-05,58,hun,Fabian Marozsan,24,896,-,25
2024-02-05,59,ger,Yannick Hanfmann,32,889,-,26
2024-02-05,60,ger,Dominik Koepfer,29,868,-,23
2024-02-05,61,rus,Pavel Kotov,25,859,-,23
2024-02-05,62,jpn,Taro Daniel,31,858,-,27
2024-02-05,63,ned,Botic van de Zandschulp,28,855,-,25
2024-02-05,64,aus,Christopher O'Connell,29,854,-,31
2024-02-05,65,esp,Roberto Carballes Baena,30,846,-,31
2024-02-05,66,cze,Tomas Machac,23,838,-,24
2024-02-05,67,usa,Marcos Giron,30,825,-,28
2024-02-05,68,fra,Luca Van Assche,19,814,-,26
2024-02-05,69,aus,Aleksandar Vukic,27,810,-,31
2024-02-05,70,fra,Gael Monfils,37,787,-,20
2024-02-05,71,ita,Flavio Cobolli,21,779,+41,31
2024-02-05,72,fra,Alexandre Muller,27,773,+5,31
2024-02-05,73,arg,Pedro Cachin,28,763,-,29
2024-02-05,74,esp,Jaume Munar,26,746,-,30
2024-02-05,75,usa,Alex Michelsen,19,741,-8,25
2024-02-05,76,usa,J.J. Wolf,25,730,-,26
2024-02-05,77,aus,Thanasi Kokkinakis,27,716,-,24
2024-02-05,78,col,Daniel Elahi Galan,27,716,-,30
2024-02-05,79,esp,Bernabe Zapata Miralles,27,715,-,27
2024-02-05,80,fra,Arthur Cazaux,21,714,+18,27
2024-02-05,81,bra,Thiago Seyboth Wild,23,708,-,22
2024-02-05,82,hun,Marton Fucsovics,31,702,-,22
2024-02-05,83,jpn,Yoshihito Nishioka,28,695,-,21
2024-02-05,84,esp,Albert Ramos-Vinolas,36,688,-,33
2024-02-05,85,per,Juan Pablo Varillas,28,684,-,24
2024-02-05,86,fra,Hugo Gaston,23,684,-,30
2024-02-05,87,chi,Cristian Garin,27,680,-,23
2024-02-05,88,aus,Rinky Hijikata,22,680,-67,28
2024-02-05,89,aut,Jurij Rodionov,24,666,+91,28
2024-02-05,90,aut,Dominic Thiem,30,664,-,28
2024-02-05,91,usa,Brandon Nakashima,22,655,+30,27
2024-02-05,92,cro,Borna Gojo,25,653,-,21
2024-02-05,93,arg,Federico Coria,31,638,+34,29
2024-02-05,94,fra,Arthur Rinderknech,28,635,-,29
2024-02-05,95,arg,Facundo Diaz Acosta,23,634,-,26
2024-02-05,96,sui,Dominic Stricker,21,632,-,20
2024-02-05,97,esp,Pedro Martinez,26,632,+16,34
2024-02-05,98,gbr,Liam Broady,30,618,-3,26
2024-02-05,99,ger,Maximilian Marterer,28,616,-20,22
2024-02-05,100,usa,Aleksandar Kovacevic,25,616,-75,29
