,week,ranking,country,player,age,points,(+/-),tournaments_played
0,2024-04-22,1,srb,Novak Djokovic,36,"9,990",-45,17
1,2024-04-22,2,ita,Jannik Sinner,22,"8,660",-90,19
2,2024-04-22,3,esp,Carlos Alcaraz,20,"8,145",-500,17
3,2024-04-22,4,rus,Daniil Medvedev,28,"7,085",0,19
4,2024-04-22,5,ger,Alexander Zverev,27,"5,425",0,26
5,2024-04-22,6,nor,Casper Ruud,25,"4,480",455,24
6,2024-04-22,7,gre,Stefanos Tsitsipas,25,"4,030",35,25
7,2024-04-22,8,rus,Andrey Rublev,26,"3,830",-105,24
8,2024-04-22,9,pol,Hubert Hurkacz,27,"3,675",0,24
9,2024-04-22,10,bul,Grigor Dimitrov,32,"3,640",0,22
10,2024-04-22,11,aus,Alex de Minaur,25,"3,470",-40,25
11,2024-04-22,12,den,Holger Rune,20,"3,245",-150,23
12,2024-04-22,13,usa,Taylor Fritz,26,"2,560",110,25
13,2024-04-22,14,fra,Ugo Humbert,25,"2,535",0,29
14,2024-04-22,15,usa,Ben Shelton,21,"2,480",-10,25
15,2024-04-22,16,usa,Tommy Paul,26,"2,350",0,26
16,2024-04-22,17,rus,Karen Khachanov,27,"2,080",-35,22
17,2024-04-22,18,kaz,Alexander Bublik,26,"1,992",0,28
18,2024-04-22,19,arg,Sebastian Baez,23,"1,955",0,29
19,2024-04-22,20,fra,Adrian Mannarino,35,"1,875",0,28
20,2024-04-22,21,usa,Frances Tiafoe,26,"1,685",0,22
21,2024-04-22,22,arg,Francisco Cerundolo,25,"1,680",-40,27
22,2024-04-22,23,chi,Nicolas Jarry,28,"1,675",-10,25
23,2024-04-22,24,ger,Jan-Lennard Struff,33,"1,628",240,25
24,2024-04-22,25,ned,Tallon Griekspoor,27,"1,505",0,25
25,2024-04-22,26,usa,Sebastian Korda,23,"1,485",0,25
26,2024-04-22,27,arg,Tomas Martin Etcheverry,24,"1,475",180,29
27,2024-04-22,28,esp,Alejandro Davidovich Fokina,24,"1,355",-40,24
28,2024-04-22,29,ita,Lorenzo Musetti,22,"1,355",-155,29
29,2024-04-22,30,gbr,Cameron Norrie,28,"1,345",55,25
30,2024-04-22,31,cze,Jiri Lehecka,22,"1,305",-25,25
31,2024-04-22,32,fra,Arthur Fils,19,"1,273",88,29
32,2024-04-22,33,aus,Jordan Thompson,30,"1,256",21,29
33,2024-04-22,34,cro,Borna Coric,27,"1,244",0,24
34,2024-04-22,35,can,Felix Auger-Aliassime,23,"1,240",40,24
35,2024-04-22,36,ita,Matteo Arnaldi,23,"1,191",70,24
36,2024-04-22,37,hun,Fabian Marozsan,24,"1,164",42,25
37,2024-04-22,38,chi,Alejandro Tabilo,26,"1,151",50,24
38,2024-04-22,39,srb,Laslo Djere,28,"1,150",-35,24
39,2024-04-22,40,fra,Gael Monfils,37,"1,142",0,23
40,2024-04-22,41,arg,Mariano Navone,23,"1,141",165,21
41,2024-04-22,42,rus,Roman Safiullin,26,"1,139",0,23
42,2024-04-22,43,gbr,Jack Draper,22,"1,106",40,21
43,2024-04-22,44,usa,Christopher Eubanks,27,"1,087",0,27
44,2024-04-22,45,aut,Sebastian Ofner,27,"1,076",-5,32
45,2024-04-22,46,aus,Alexei Popyrin,24,"1,057",-20,22
46,2024-04-22,47,arg,Facundo Diaz Acosta,23,"1,048",90,28
47,2024-04-22,48,rus,Aslan Karatsev,30,"1,041",-32,16
48,2024-04-22,49,chn,Zhizhen Zhang,27,"1,038",-6,25
49,2024-04-22,50,cze,Tomas Machac,23,"1,013",25,23
50,2024-04-22,51,usa,Marcos Giron,30,995,-35,28
51,2024-04-22,52,ita,Lorenzo Sonego,28,976,-10,28
52,2024-04-22,53,hun,Marton Fucsovics,32,942,230,22
53,2024-04-22,54,ger,Dominik Koepfer,29,938,0,25
54,2024-04-22,55,esp,Pedro Martinez,26,937,40,29
55,2024-04-22,56,por,Nuno Borges,27,916,5,29
56,2024-04-22,57,gbr,Andy Murray,36,910,0,26
57,2024-04-22,58,ger,Yannick Hanfmann,32,899,5,29
58,2024-04-22,59,kaz,Alexander Shevchenko,23,879,0,32
59,2024-04-22,60,ita,Luciano Darderi,22,875,0,29
60,2024-04-22,61,ger,Daniel Altmaier,25,871,15,28
61,2024-04-22,62,aus,Aleksandar Vukic,28,857,0,31
62,2024-04-22,63,bra,Thiago Seyboth Wild,24,849,18,25
63,2024-04-22,64,ita,Flavio Cobolli,21,848,-32,31
64,2024-04-22,65,srb,Dusan Lajovic,33,846,-50,23
65,2024-04-22,66,srb,Miomir Kecmanovic,24,830,-65,31
66,2024-04-22,67,aus,Christopher O'Connell,29,822,-74,30
67,2024-04-22,68,esp,Roberto Carballes Baena,31,821,50,31
68,2024-04-22,69,gbr,Daniel Evans,33,816,-180,27
69,2024-04-22,70,usa,Alex Michelsen,19,799,9,27
70,2024-04-22,71,fin,Emil Ruusuvuori,25,795,-35,23
71,2024-04-22,72,rus,Pavel Kotov,25,787,-30,21
72,2024-04-22,73,esp,Jaume Munar,26,785,15,29
73,2024-04-22,74,cze,Jakub Mensik,18,766,0,24
74,2024-04-22,75,fra,Arthur Cazaux,21,748,0,25
75,2024-04-22,76,usa,Mackenzie McDonald,29,745,0,24
76,2024-04-22,77,fra,Arthur Rinderknech,28,744,15,32
77,2024-04-22,78,jpn,Yoshihito Nishioka,28,743,-45,22
78,2024-04-22,79,aus,Rinky Hijikata,23,743,5,33
79,2024-04-22,80,aus,Max Purcell,26,731,0,31
80,2024-04-22,81,usa,Brandon Nakashima,22,725,30,30
81,2024-04-22,82,ind,Sumit Nagal,26,725,-4,27
82,2024-04-22,83,arg,Federico Coria,32,720,9,32
83,2024-04-22,84,ita,Luca Nardi,20,718,0,26
84,2024-04-22,85,jpn,Taro Daniel,31,717,15,28
85,2024-04-22,86,esp,Roberto Bautista Agut,36,708,5,26
86,2024-04-22,87,sui,Stan Wawrinka,39,697,0,23
87,2024-04-22,88,fra,Corentin Moutet,25,695,43,32
88,2024-04-22,89,col,Daniel Elahi Galan,27,666,15,29
89,2024-04-22,90,fra,Constant Lestienne,31,658,0,33
90,2024-04-22,91,arg,Pedro Cachin,29,653,-20,27
91,2024-04-22,92,chi,Cristian Garin,27,653,55,23
92,2024-04-22,93,aus,Thanasi Kokkinakis,28,650,0,26
93,2024-04-22,94,ita,Fabio Fognini,36,650,8,22
94,2024-04-22,95,fra,Hugo Gaston,23,642,0,28
95,2024-04-22,96,arg,Francisco Comesana,23,642,109,27
96,2024-04-22,97,usa,Aleksandar Kovacevic,25,638,0,30
97,2024-04-22,98,ita,Matteo Berrettini,28,630,0,16
98,2024-04-22,99,fra,Luca Van Assche,19,630,5,25
99,2024-04-22,100,ger,Maximilian Marterer,28,616,0,24
100,2024-04-15,1,srb,Novak Djokovic,36,"10,035",310,18
101,2024-04-15,2,ita,Jannik Sinner,22,"8,750",40,20
102,2024-04-15,3,esp,Carlos Alcaraz,20,"8,645",0,18
103,2024-04-15,4,rus,Daniil Medvedev,28,"7,085",-80,19
104,2024-04-15,5,ger,Alexander Zverev,26,"5,425",10,26
105,2024-04-15,6,nor,Casper Ruud,25,"4,025",560,24
106,2024-04-15,7,gre,Stefanos Tsitsipas,25,"3,995",820,25
107,2024-04-15,8,rus,Andrey Rublev,26,"3,935",-955,24
108,2024-04-15,9,pol,Hubert Hurkacz,27,"3,675",10,24
109,2024-04-15,10,bul,Grigor Dimitrov,32,"3,640",100,23
110,2024-04-15,11,aus,Alex de Minaur,25,"3,510",155,25
111,2024-04-15,12,den,Holger Rune,20,"3,395",-400,23
112,2024-04-15,13,fra,Ugo Humbert,25,"2,535",110,29
113,2024-04-15,14,usa,Ben Shelton,21,"2,490",0,26
114,2024-04-15,15,usa,Taylor Fritz,26,"2,450",-315,25
115,2024-04-15,16,usa,Tommy Paul,26,"2,350",0,26
116,2024-04-15,17,rus,Karen Khachanov,27,"2,115",110,23
117,2024-04-15,18,kaz,Alexander Bublik,26,"1,992",0,29
118,2024-04-15,19,arg,Sebastian Baez,23,"1,955",0,29
119,2024-04-15,20,fra,Adrian Mannarino,35,"1,875",0,29
120,2024-04-15,21,arg,Francisco Cerundolo,25,"1,720",5,27
121,2024-04-15,22,chi,Nicolas Jarry,28,"1,685",-70,25
122,2024-04-15,23,usa,Frances Tiafoe,26,"1,685",0,23
123,2024-04-15,24,ita,Lorenzo Musetti,22,"1,510",-80,29
124,2024-04-15,25,ned,Tallon Griekspoor,27,"1,505",30,25
125,2024-04-15,26,usa,Sebastian Korda,23,"1,485",40,24
126,2024-04-15,27,esp,Alejandro Davidovich Fokina,24,"1,395",0,24
127,2024-04-15,28,ger,Jan-Lennard Struff,33,"1,388",-105,25
128,2024-04-15,29,cze,Jiri Lehecka,22,"1,330",-70,26
129,2024-04-15,30,arg,Tomas Martin Etcheverry,24,"1,295",35,29
130,2024-04-15,31,gbr,Cameron Norrie,28,"1,290",0,25
131,2024-04-15,32,cro,Borna Coric,27,"1,244",40,24
132,2024-04-15,33,aus,Jordan Thompson,29,"1,235",0,29
133,2024-04-15,34,can,Felix Auger-Aliassime,23,"1,200",50,23
134,2024-04-15,35,srb,Laslo Djere,28,"1,185",0,25
135,2024-04-15,36,fra,Arthur Fils,19,"1,185",40,28
136,2024-04-15,37,fra,Gael Monfils,37,"1,142",50,24
137,2024-04-15,38,rus,Roman Safiullin,26,"1,139",50,23
138,2024-04-15,39,hun,Fabian Marozsan,24,"1,122",0,24
139,2024-04-15,40,ita,Matteo Arnaldi,23,"1,121",0,24
140,2024-04-15,41,chi,Alejandro Tabilo,26,"1,101",50,24
141,2024-04-15,42,usa,Christopher Eubanks,27,"1,087",0,27
142,2024-04-15,43,aut,Sebastian Ofner,27,"1,081",25,32
143,2024-04-15,44,aus,Alexei Popyrin,24,"1,077",30,22
144,2024-04-15,45,rus,Aslan Karatsev,30,"1,073",0,17
145,2024-04-15,46,gbr,Jack Draper,22,"1,066",-35,20
146,2024-04-15,47,chn,Zhizhen Zhang,27,"1,044",39,25
147,2024-04-15,48,usa,Marcos Giron,30,"1,030",0,29
148,2024-04-15,49,gbr,Daniel Evans,33,996,0,27
149,2024-04-15,50,cze,Tomas Machac,23,988,-45,22
150,2024-04-15,51,ita,Lorenzo Sonego,28,986,71,28
151,2024-04-15,52,arg,Mariano Navone,23,976,0,21
152,2024-04-15,53,arg,Facundo Diaz Acosta,23,958,15,28
153,2024-04-15,54,ger,Dominik Koepfer,29,938,0,25
154,2024-04-15,55,por,Nuno Borges,27,911,0,29
155,2024-04-15,56,gbr,Andy Murray,36,910,0,26
156,2024-04-15,57,esp,Pedro Martinez,26,897,0,29
157,2024-04-15,58,aus,Christopher O'Connell,29,896,10,30
158,2024-04-15,59,srb,Dusan Lajovic,33,896,-26,23
159,2024-04-15,60,srb,Miomir Kecmanovic,24,895,40,31
160,2024-04-15,61,ger,Yannick Hanfmann,32,894,6,29
161,2024-04-15,62,ita,Flavio Cobolli,21,880,0,31
162,2024-04-15,63,kaz,Alexander Shevchenko,23,879,-55,32
163,2024-04-15,64,ita,Luciano Darderi,22,875,0,29
164,2024-04-15,65,aus,Aleksandar Vukic,28,857,1,30
165,2024-04-15,66,ger,Daniel Altmaier,25,856,-99,28
166,2024-04-15,67,bra,Thiago Seyboth Wild,24,831,0,25
167,2024-04-15,68,fin,Emil Ruusuvuori,25,830,-6,24
168,2024-04-15,69,rus,Pavel Kotov,25,817,0,21
169,2024-04-15,70,usa,Alex Michelsen,19,790,0,27
170,2024-04-15,71,jpn,Yoshihito Nishioka,28,788,0,22
171,2024-04-15,72,esp,Roberto Carballes Baena,31,771,0,31
172,2024-04-15,73,esp,Jaume Munar,26,770,-5,29
173,2024-04-15,74,cze,Jakub Mensik,18,766,0,24
174,2024-04-15,75,fra,Arthur Cazaux,21,748,-4,24
175,2024-04-15,76,usa,Mackenzie McDonald,28,745,0,25
176,2024-04-15,77,aus,Rinky Hijikata,23,738,0,32
177,2024-04-15,78,aus,Max Purcell,26,731,0,31
178,2024-04-15,79,fra,Arthur Rinderknech,28,729,6,31
179,2024-04-15,80,ind,Sumit Nagal,26,729,73,28
180,2024-04-15,81,ita,Luca Nardi,20,718,-30,25
181,2024-04-15,82,hun,Marton Fucsovics,32,712,-35,22
182,2024-04-15,83,arg,Federico Coria,32,711,24,32
183,2024-04-15,84,esp,Roberto Bautista Agut,36,703,35,26
184,2024-04-15,85,jpn,Taro Daniel,31,702,-5,28
185,2024-04-15,86,sui,Stan Wawrinka,39,697,-45,23
186,2024-04-15,87,usa,Brandon Nakashima,22,695,0,29
187,2024-04-15,88,arg,Pedro Cachin,29,673,-50,27
188,2024-04-15,89,ned,Botic van de Zandschulp,28,670,-45,24
189,2024-04-15,90,arg,Thiago Agustin Tirante,23,661,0,25
190,2024-04-15,91,fra,Constant Lestienne,31,658,0,34
191,2024-04-15,92,fra,Corentin Moutet,24,652,40,31
192,2024-04-15,93,col,Daniel Elahi Galan,27,651,-65,28
193,2024-04-15,94,aus,Thanasi Kokkinakis,28,650,66,25
194,2024-04-15,95,ita,Fabio Fognini,36,642,0,21
195,2024-04-15,96,fra,Hugo Gaston,23,642,0,28
196,2024-04-15,97,usa,Aleksandar Kovacevic,25,638,0,29
197,2024-04-15,98,ita,Matteo Berrettini,28,630,-90,16
198,2024-04-15,99,fra,Luca Van Assche,19,625,-6,25
199,2024-04-15,100,bel,David Goffin,33,621,0,29
200,2024-04-08,1,srb,Novak Djokovic,36,"9,725",0,18
201,2024-04-08,2,ita,Jannik Sinner,22,"8,710",0,20
202,2024-04-08,3,esp,Carlos Alcaraz,20,"8,645",0,18
203,2024-04-08,4,rus,Daniil Medvedev,28,"7,165",0,19
204,2024-04-08,5,ger,Alexander Zverev,26,"5,415",0,26
205,2024-04-08,6,rus,Andrey Rublev,26,"4,890",0,24
206,2024-04-08,7,den,Holger Rune,20,"3,795",0,23
207,2024-04-08,8,pol,Hubert Hurkacz,27,"3,665",240,24
208,2024-04-08,9,bul,Grigor Dimitrov,32,"3,540",0,24
209,2024-04-08,10,nor,Casper Ruud,25,"3,465",-150,24
210,2024-04-08,11,aus,Alex de Minaur,25,"3,355",0,25
211,2024-04-08,12,gre,Stefanos Tsitsipas,25,"3,175",0,25
212,2024-04-08,13,usa,Taylor Fritz,26,"2,765",0,25
213,2024-04-08,14,usa,Ben Shelton,21,"2,490",230,27
214,2024-04-08,15,fra,Ugo Humbert,25,"2,425",0,29
215,2024-04-08,16,usa,Tommy Paul,26,"2,350",0,26
216,2024-04-08,17,rus,Karen Khachanov,27,"2,005",0,23
217,2024-04-08,18,kaz,Alexander Bublik,26,"1,992",0,29
218,2024-04-08,19,arg,Sebastian Baez,23,"1,955",-25,29
219,2024-04-08,20,fra,Adrian Mannarino,35,"1,875",0,29
220,2024-04-08,21,chi,Nicolas Jarry,28,"1,755",0,25
221,2024-04-08,22,arg,Francisco Cerundolo,25,"1,715",0,27
222,2024-04-08,23,usa,Frances Tiafoe,26,"1,685",-85,23
223,2024-04-08,24,ita,Lorenzo Musetti,22,"1,590",-20,29
224,2024-04-08,25,ger,Jan-Lennard Struff,33,"1,493",0,25
225,2024-04-08,26,ned,Tallon Griekspoor,27,"1,475",-25,25
226,2024-04-08,27,usa,Sebastian Korda,23,"1,445",0,23
227,2024-04-08,28,cze,Jiri Lehecka,22,"1,400",0,27
228,2024-04-08,29,esp,Alejandro Davidovich Fokina,24,"1,395",-35,24
229,2024-04-08,30,gbr,Cameron Norrie,28,"1,290",0,25
230,2024-04-08,31,arg,Tomas Martin Etcheverry,24,"1,260",-50,28
231,2024-04-08,32,aus,Jordan Thompson,29,"1,235",40,29
232,2024-04-08,33,cro,Borna Coric,27,"1,204",0,24
233,2024-04-08,34,srb,Laslo Djere,28,"1,185",0,25
234,2024-04-08,35,can,Felix Auger-Aliassime,23,"1,150",0,22
235,2024-04-08,36,fra,Arthur Fils,19,"1,145",15,27
236,2024-04-08,37,hun,Fabian Marozsan,24,"1,122",0,25
237,2024-04-08,38,ita,Matteo Arnaldi,23,"1,121",-50,23
238,2024-04-08,39,gbr,Jack Draper,22,"1,101",0,20
239,2024-04-08,40,fra,Gael Monfils,37,"1,092",25,23
240,2024-04-08,41,rus,Roman Safiullin,26,"1,089",0,22
241,2024-04-08,42,usa,Christopher Eubanks,27,"1,087",0,27
242,2024-04-08,43,rus,Aslan Karatsev,30,"1,073",0,17
243,2024-04-08,44,aut,Sebastian Ofner,27,"1,056",0,32
244,2024-04-08,45,chi,Alejandro Tabilo,26,"1,051",0,23
245,2024-04-08,46,aus,Alexei Popyrin,24,"1,047",-10,22
246,2024-04-08,47,cze,Tomas Machac,23,"1,033",-50,23
247,2024-04-08,48,usa,Marcos Giron,30,"1,030",40,28
248,2024-04-08,49,chn,Zhizhen Zhang,27,"1,005",0,25
249,2024-04-08,50,gbr,Daniel Evans,33,996,-90,27
250,2024-04-08,51,arg,Mariano Navone,23,976,93,22
251,2024-04-08,52,ger,Daniel Altmaier,25,955,0,28
252,2024-04-08,53,arg,Facundo Diaz Acosta,23,943,0,28
253,2024-04-08,54,ger,Dominik Koepfer,29,938,-34,24
254,2024-04-08,55,kaz,Alexander Shevchenko,23,934,0,33
255,2024-04-08,56,srb,Dusan Lajovic,33,922,0,24
256,2024-04-08,57,ita,Lorenzo Sonego,28,915,40,28
257,2024-04-08,58,por,Nuno Borges,27,911,40,29
258,2024-04-08,59,gbr,Andy Murray,36,910,0,27
259,2024-04-08,60,esp,Pedro Martinez,26,897,156,29
260,2024-04-08,61,ger,Yannick Hanfmann,32,888,-82,28
261,2024-04-08,62,aus,Christopher O'Connell,29,886,-29,30
262,2024-04-08,63,ita,Flavio Cobolli,21,880,15,32
263,2024-04-08,64,ita,Luciano Darderi,22,875,94,29
264,2024-04-08,65,aus,Aleksandar Vukic,28,856,38,30
265,2024-04-08,66,srb,Miomir Kecmanovic,24,855,-140,31
266,2024-04-08,67,fin,Emil Ruusuvuori,25,836,0,25
267,2024-04-08,68,bra,Thiago Seyboth Wild,24,831,0,25
268,2024-04-08,69,rus,Pavel Kotov,25,817,10,21
269,2024-04-08,70,usa,Alex Michelsen,19,790,0,27
270,2024-04-08,71,jpn,Yoshihito Nishioka,28,788,0,22
271,2024-04-08,72,esp,Jaume Munar,26,775,5,29
272,2024-04-08,73,esp,Roberto Carballes Baena,31,771,-85,31
273,2024-04-08,74,cze,Jakub Mensik,18,766,-25,24
274,2024-04-08,75,fra,Arthur Cazaux,21,752,0,25
275,2024-04-08,76,ita,Luca Nardi,20,748,0,25
276,2024-04-08,77,hun,Marton Fucsovics,32,747,50,23
277,2024-04-08,78,usa,Mackenzie McDonald,28,745,0,26
278,2024-04-08,79,sui,Stan Wawrinka,39,742,25,23
279,2024-04-08,80,aus,Rinky Hijikata,23,738,15,31
280,2024-04-08,81,aus,Max Purcell,26,731,5,31
281,2024-04-08,82,arg,Pedro Cachin,28,723,-10,28
282,2024-04-08,83,fra,Arthur Rinderknech,28,723,0,30
283,2024-04-08,84,ita,Matteo Berrettini,27,720,250,16
284,2024-04-08,85,col,Daniel Elahi Galan,27,716,5,29
285,2024-04-08,86,ned,Botic van de Zandschulp,28,715,25,25
286,2024-04-08,87,jpn,Taro Daniel,31,707,0,28
287,2024-04-08,88,usa,Brandon Nakashima,22,695,40,29
288,2024-04-08,89,arg,Federico Coria,32,687,0,31
289,2024-04-08,90,esp,Roberto Bautista Agut,35,668,14,26
290,2024-04-08,91,arg,Thiago Agustin Tirante,22,661,109,25
291,2024-04-08,92,fra,Constant Lestienne,31,658,0,34
292,2024-04-08,93,ind,Sumit Nagal,26,656,23,27
293,2024-04-08,94,ita,Fabio Fognini,36,642,43,21
294,2024-04-08,95,fra,Hugo Gaston,23,642,-20,28
295,2024-04-08,96,usa,Aleksandar Kovacevic,25,638,25,29
296,2024-04-08,97,aut,Dominic Thiem,30,635,-20,25
297,2024-04-08,98,fra,Luca Van Assche,19,631,-10,26
298,2024-04-08,99,bel,David Goffin,33,621,27,30
299,2024-04-08,100,ger,Maximilian Marterer,28,616,0,23
300,2024-04-01,1,srb,Novak Djokovic,36,"9,725",0,18
301,2024-04-01,2,ita,Jannik Sinner,22,"8,710",400,20
302,2024-04-01,3,esp,Carlos Alcaraz,20,"8,645",-160,18
303,2024-04-01,4,rus,Daniil Medvedev,28,"7,165",-600,19
304,2024-04-01,5,ger,Alexander Zverev,26,"5,415",355,26
305,2024-04-01,6,rus,Andrey Rublev,26,"4,890",-80,24
306,2024-04-01,7,den,Holger Rune,20,"3,795",-80,23
307,2024-04-01,8,nor,Casper Ruud,25,"3,615",55,24
308,2024-04-01,9,bul,Grigor Dimitrov,32,"3,540",605,24
309,2024-04-01,10,pol,Hubert Hurkacz,27,"3,425",55,24
310,2024-04-01,11,aus,Alex de Minaur,25,"3,355",55,25
311,2024-04-01,12,gre,Stefanos Tsitsipas,25,"3,175",-80,25
312,2024-04-01,13,usa,Taylor Fritz,26,"2,765",-170,25
313,2024-04-01,14,fra,Ugo Humbert,25,"2,425",5,29
314,2024-04-01,15,usa,Tommy Paul,26,"2,350",-80,27
315,2024-04-01,16,usa,Ben Shelton,21,"2,260",40,27
316,2024-04-01,17,rus,Karen Khachanov,27,"2,005",-260,23
317,2024-04-01,18,kaz,Alexander Bublik,26,"1,992",-10,29
318,2024-04-01,19,arg,Sebastian Baez,23,"1,980",-10,30
319,2024-04-01,20,fra,Adrian Mannarino,35,"1,875",-80,29
320,2024-04-01,21,usa,Frances Tiafoe,26,"1,770",-35,23
321,2024-04-01,22,chi,Nicolas Jarry,28,"1,755",180,26
322,2024-04-01,23,arg,Francisco Cerundolo,25,"1,715",-130,26
323,2024-04-01,24,ita,Lorenzo Musetti,22,"1,610",90,29
324,2024-04-01,25,ned,Tallon Griekspoor,27,"1,500",50,26
325,2024-04-01,26,ger,Jan-Lennard Struff,33,"1,493",9,26
326,2024-04-01,27,usa,Sebastian Korda,23,"1,445",50,23
327,2024-04-01,28,esp,Alejandro Davidovich Fokina,24,"1,430",5,25
328,2024-04-01,29,cze,Jiri Lehecka,22,"1,400",-35,27
329,2024-04-01,30,arg,Tomas Martin Etcheverry,24,"1,310",-15,28
330,2024-04-01,31,gbr,Cameron Norrie,28,"1,290",40,25
331,2024-04-01,32,cro,Borna Coric,27,"1,204",-10,24
332,2024-04-01,33,aus,Jordan Thompson,29,"1,195",-16,29
333,2024-04-01,34,srb,Laslo Djere,28,"1,185",5,24
334,2024-04-01,35,ita,Matteo Arnaldi,23,"1,171",75,24
335,2024-04-01,36,can,Felix Auger-Aliassime,23,"1,150",-15,22
336,2024-04-01,37,fra,Arthur Fils,19,"1,130",2,26
337,2024-04-01,38,hun,Fabian Marozsan,24,"1,122",193,26
338,2024-04-01,39,gbr,Jack Draper,22,"1,101",30,20
339,2024-04-01,40,rus,Roman Safiullin,26,"1,089",4,22
340,2024-04-01,41,usa,Christopher Eubanks,27,"1,087",-146,26
341,2024-04-01,42,gbr,Daniel Evans,33,"1,086",20,27
342,2024-04-01,43,cze,Tomas Machac,23,"1,083",192,24
343,2024-04-01,44,rus,Aslan Karatsev,30,"1,073",0,18
344,2024-04-01,45,fra,Gael Monfils,37,"1,067",40,22
345,2024-04-01,46,aus,Alexei Popyrin,24,"1,057",25,23
346,2024-04-01,47,aut,Sebastian Ofner,27,"1,056",-20,32
347,2024-04-01,48,chi,Alejandro Tabilo,26,"1,051",11,23
348,2024-04-01,49,chn,Zhizhen Zhang,27,"1,005",0,26
349,2024-04-01,50,srb,Miomir Kecmanovic,24,995,-35,31
350,2024-04-01,51,usa,Marcos Giron,30,990,-10,28
351,2024-04-01,52,ger,Dominik Koepfer,29,972,-30,24
352,2024-04-01,53,ger,Yannick Hanfmann,32,970,30,29
353,2024-04-01,54,ger,Daniel Altmaier,25,955,4,28
354,2024-04-01,55,arg,Facundo Diaz Acosta,23,943,0,28
355,2024-04-01,56,kaz,Alexander Shevchenko,23,934,10,33
356,2024-04-01,57,srb,Dusan Lajovic,33,922,-35,24
357,2024-04-01,58,aus,Christopher O'Connell,29,915,82,31
358,2024-04-01,59,gbr,Andy Murray,36,910,40,27
359,2024-04-01,60,arg,Mariano Navone,23,883,-16,22
360,2024-04-01,61,ita,Lorenzo Sonego,28,875,-80,27
361,2024-04-01,62,por,Nuno Borges,27,871,-16,29
362,2024-04-01,63,ita,Flavio Cobolli,21,865,0,32
363,2024-04-01,64,esp,Roberto Carballes Baena,31,856,5,31
364,2024-04-01,65,fin,Emil Ruusuvuori,24,836,-170,25
365,2024-04-01,66,bra,Thiago Seyboth Wild,24,831,63,25
366,2024-04-01,67,aus,Aleksandar Vukic,27,818,-16,30
367,2024-04-01,68,rus,Pavel Kotov,25,807,-16,21
368,2024-04-01,69,cze,Jakub Mensik,18,791,10,25
369,2024-04-01,70,usa,Alex Michelsen,19,790,14,26
370,2024-04-01,71,jpn,Yoshihito Nishioka,28,788,10,22
371,2024-04-01,72,ita,Luciano Darderi,22,781,10,28
372,2024-04-01,73,esp,Jaume Munar,26,770,-6,29
373,2024-04-01,74,fra,Arthur Cazaux,21,752,-22,26
374,2024-04-01,75,ita,Luca Nardi,20,748,125,26
375,2024-04-01,76,usa,Mackenzie McDonald,28,745,-45,26
376,2024-04-01,77,esp,Pedro Martinez,26,741,70,29
377,2024-04-01,78,arg,Pedro Cachin,28,733,-6,28
378,2024-04-01,79,aus,Max Purcell,25,726,-70,31
379,2024-04-01,80,aus,Rinky Hijikata,23,723,-1,30
380,2024-04-01,81,fra,Arthur Rinderknech,28,723,0,29
381,2024-04-01,82,sui,Stan Wawrinka,39,717,0,22
382,2024-04-01,83,col,Daniel Elahi Galan,27,711,-1,29
383,2024-04-01,84,jpn,Taro Daniel,31,707,-35,28
384,2024-04-01,85,hun,Marton Fucsovics,32,697,5,22
385,2024-04-01,86,fra,Alexandre Muller,27,694,-15,30
386,2024-04-01,87,ned,Botic van de Zandschulp,28,690,-60,25
387,2024-04-01,88,arg,Federico Coria,32,687,0,30
388,2024-04-01,89,fra,Hugo Gaston,23,662,0,28
389,2024-04-01,90,fra,Constant Lestienne,31,658,13,35
390,2024-04-01,91,aut,Dominic Thiem,30,655,0,25
391,2024-04-01,92,usa,Brandon Nakashima,22,655,5,28
392,2024-04-01,93,esp,Roberto Bautista Agut,35,654,40,26
393,2024-04-01,94,fra,Luca Van Assche,19,641,-95,26
394,2024-04-01,95,ind,Sumit Nagal,26,633,10,26
395,2024-04-01,96,usa,J.J. Wolf,25,625,-15,24
396,2024-04-01,97,ger,Maximilian Marterer,28,616,8,22
397,2024-04-01,98,usa,Aleksandar Kovacevic,25,613,-3,29
398,2024-04-01,99,fra,Corentin Moutet,24,612,35,29
399,2024-04-01,100,ita,Fabio Fognini,36,599,-2,21
400,2024-03-18,1,srb,Novak Djokovic,36,"9,725",50,18
401,2024-03-18,2,esp,Carlos Alcaraz,20,"8,805",0,18
402,2024-03-18,3,ita,Jannik Sinner,22,"8,310",40,20
403,2024-03-18,4,rus,Daniil Medvedev,28,"7,765",50,19
404,2024-03-18,5,ger,Alexander Zverev,26,"5,060",110,26
405,2024-03-18,6,rus,Andrey Rublev,26,"4,970",-40,24
406,2024-03-18,7,den,Holger Rune,20,"3,875",155,23
407,2024-03-18,8,nor,Casper Ruud,25,"3,560",155,24
408,2024-03-18,9,pol,Hubert Hurkacz,27,"3,370",-35,24
409,2024-03-18,10,aus,Alex de Minaur,25,"3,300",90,25
410,2024-03-18,11,gre,Stefanos Tsitsipas,25,"3,255",85,25
411,2024-03-18,12,bul,Grigor Dimitrov,32,"2,935",55,24
412,2024-03-18,13,usa,Taylor Fritz,26,"2,935",-80,25
413,2024-03-18,14,usa,Tommy Paul,26,"2,430",310,27
414,2024-03-18,15,fra,Ugo Humbert,25,"2,420",5,29
415,2024-03-18,16,rus,Karen Khachanov,27,"2,265",-35,23
416,2024-03-18,17,usa,Ben Shelton,21,"2,220",75,27
417,2024-03-18,18,kaz,Alexander Bublik,26,"2,002",18,29
418,2024-03-18,19,arg,Sebastian Baez,23,"1,990",5,30
419,2024-03-18,20,fra,Adrian Mannarino,35,"1,955",5,29
420,2024-03-18,21,arg,Francisco Cerundolo,25,"1,845",5,26
421,2024-03-18,22,usa,Frances Tiafoe,26,"1,805",-310,23
422,2024-03-18,23,chi,Nicolas Jarry,28,"1,575",0,25
423,2024-03-18,24,ita,Lorenzo Musetti,22,"1,520",40,29
424,2024-03-18,25,ger,Jan-Lennard Struff,33,"1,484",-47,26
425,2024-03-18,26,ned,Tallon Griekspoor,27,"1,450",5,26
426,2024-03-18,27,cze,Jiri Lehecka,22,"1,435",175,27
427,2024-03-18,28,esp,Alejandro Davidovich Fokina,24,"1,425",-170,25
428,2024-03-18,29,usa,Sebastian Korda,23,"1,395",50,23
429,2024-03-18,30,arg,Tomas Martin Etcheverry,24,"1,325",-10,28
430,2024-03-18,31,gbr,Cameron Norrie,28,"1,250",-130,25
431,2024-03-18,32,usa,Christopher Eubanks,27,"1,233",-1,26
432,2024-03-18,33,cro,Borna Coric,27,"1,214",20,24
433,2024-03-18,34,aus,Jordan Thompson,29,"1,211",-35,29
434,2024-03-18,35,srb,Laslo Djere,28,"1,180",-10,24
435,2024-03-18,36,can,Felix Auger-Aliassime,23,"1,165",-130,22
436,2024-03-18,37,fra,Arthur Fils,19,"1,128",50,25
437,2024-03-18,38,ita,Matteo Arnaldi,23,"1,096",5,24
438,2024-03-18,39,rus,Roman Safiullin,26,"1,085",5,22
439,2024-03-18,40,aut,Sebastian Ofner,27,"1,076",-40,33
440,2024-03-18,41,rus,Aslan Karatsev,30,"1,073",0,18
441,2024-03-18,42,gbr,Jack Draper,22,"1,071",-80,20
442,2024-03-18,43,gbr,Daniel Evans,33,"1,066",0,27
443,2024-03-18,44,chi,Alejandro Tabilo,26,"1,040",-76,24
444,2024-03-18,45,aus,Alexei Popyrin,24,"1,032",-55,23
445,2024-03-18,46,srb,Miomir Kecmanovic,24,"1,030",0,31
446,2024-03-18,47,fra,Gael Monfils,37,"1,027",90,22
447,2024-03-18,48,fin,Emil Ruusuvuori,24,"1,006",-35,25
448,2024-03-18,49,chn,Zhizhen Zhang,27,"1,005",-1,26
449,2024-03-18,50,ger,Dominik Koepfer,29,"1,002",-6,24
450,2024-03-18,51,usa,Marcos Giron,30,"1,000",-15,28
451,2024-03-18,52,srb,Dusan Lajovic,33,957,30,24
452,2024-03-18,53,ita,Lorenzo Sonego,28,955,20,27
453,2024-03-18,54,ger,Daniel Altmaier,25,951,-10,28
454,2024-03-18,55,arg,Facundo Diaz Acosta,23,943,-20,27
455,2024-03-18,56,ger,Yannick Hanfmann,32,940,20,29
456,2024-03-18,57,hun,Fabian Marozsan,24,929,15,26
457,2024-03-18,58,kaz,Alexander Shevchenko,23,924,-76,33
458,2024-03-18,59,arg,Mariano Navone,23,899,-7,23
459,2024-03-18,60,cze,Tomas Machac,23,891,23,24
460,2024-03-18,61,por,Nuno Borges,27,887,0,29
461,2024-03-18,62,gbr,Andy Murray,36,870,-15,27
462,2024-03-18,63,ita,Flavio Cobolli,21,865,-15,33
463,2024-03-18,64,esp,Roberto Carballes Baena,30,851,20,31
464,2024-03-18,65,aus,Aleksandar Vukic,27,834,33,30
465,2024-03-18,66,aus,Christopher O'Connell,29,833,14,31
466,2024-03-18,67,rus,Pavel Kotov,25,823,4,22
467,2024-03-18,68,aus,Max Purcell,25,796,0,32
468,2024-03-18,69,usa,Mackenzie McDonald,28,790,-25,26
469,2024-03-18,70,cze,Jakub Mensik,18,781,30,24
470,2024-03-18,71,jpn,Yoshihito Nishioka,28,778,-10,22
471,2024-03-18,72,esp,Jaume Munar,26,776,0,30
472,2024-03-18,73,usa,Alex Michelsen,19,776,22,27
473,2024-03-18,74,fra,Arthur Cazaux,21,774,5,27
474,2024-03-18,75,ita,Luciano Darderi,22,771,-16,28
475,2024-03-18,76,bra,Thiago Seyboth Wild,24,768,-52,24
476,2024-03-18,77,ned,Botic van de Zandschulp,28,750,0,25
477,2024-03-18,78,jpn,Taro Daniel,31,742,-31,28
478,2024-03-18,79,arg,Pedro Cachin,28,739,-15,29
479,2024-03-18,80,fra,Luca Van Assche,19,736,40,26
480,2024-03-18,81,aus,Rinky Hijikata,23,724,-30,29
481,2024-03-18,82,fra,Arthur Rinderknech,28,723,3,29
482,2024-03-18,83,sui,Stan Wawrinka,38,717,-80,21
483,2024-03-18,84,col,Daniel Elahi Galan,27,712,3,30
484,2024-03-18,85,fra,Alexandre Muller,27,709,20,30
485,2024-03-18,86,hun,Marton Fucsovics,32,692,-90,22
486,2024-03-18,87,arg,Federico Coria,32,687,0,30
487,2024-03-18,88,esp,Pedro Martinez,26,671,-16,29
488,2024-03-18,89,fra,Hugo Gaston,23,662,-42,28
489,2024-03-18,90,aut,Dominic Thiem,30,655,0,25
490,2024-03-18,91,aut,Jurij Rodionov,24,651,20,27
491,2024-03-18,92,usa,Brandon Nakashima,22,650,5,28
492,2024-03-18,93,fra,Constant Lestienne,31,645,39,36
493,2024-03-18,94,usa,J.J. Wolf,25,640,0,24
494,2024-03-18,95,per,Juan Pablo Varillas,28,637,75,25
495,2024-03-18,96,ita,Luca Nardi,20,623,110,26
496,2024-03-18,97,ind,Sumit Nagal,26,623,20,25
497,2024-03-18,98,usa,Aleksandar Kovacevic,25,616,-38,29
498,2024-03-18,99,arg,Thiago Agustin Tirante,22,615,-1,25
499,2024-03-18,100,esp,Roberto Bautista Agut,35,614,0,26
500,2024-03-04,1,srb,Novak Djokovic,36,"9,675",-180,18
501,2024-03-04,2,esp,Carlos Alcaraz,20,"8,805",0,18
502,2024-03-04,3,ita,Jannik Sinner,22,"8,270",0,20
503,2024-03-04,4,rus,Daniil Medvedev,28,"7,715",-300,19
504,2024-03-04,5,rus,Andrey Rublev,26,"5,010",-100,24
505,2024-03-04,6,ger,Alexander Zverev,26,"4,950",-135,26
506,2024-03-04,7,den,Holger Rune,20,"3,720",20,23
507,2024-03-04,8,pol,Hubert Hurkacz,27,"3,405",10,24
508,2024-03-04,9,nor,Casper Ruud,25,"3,405",285,24
509,2024-03-04,10,aus,Alex de Minaur,25,"3,210",0,25
510,2024-03-04,11,gre,Stefanos Tsitsipas,25,"3,170",90,25
511,2024-03-04,12,usa,Taylor Fritz,26,"3,015",-135,25
512,2024-03-04,13,bul,Grigor Dimitrov,32,"2,880",-45,24
513,2024-03-04,14,fra,Ugo Humbert,25,"2,415",425,29
514,2024-03-04,15,rus,Karen Khachanov,27,"2,300",40,23
515,2024-03-04,16,usa,Ben Shelton,21,"2,145",90,27
516,2024-03-04,17,usa,Tommy Paul,26,"2,120",-255,27
517,2024-03-04,18,usa,Frances Tiafoe,26,"2,115",-40,23
518,2024-03-04,19,arg,Sebastian Baez,23,"1,985",160,30
519,2024-03-04,20,kaz,Alexander Bublik,26,"1,984",285,30
520,2024-03-04,21,fra,Adrian Mannarino,35,"1,950",0,29
521,2024-03-04,22,arg,Francisco Cerundolo,25,"1,840",0,26
522,2024-03-04,23,esp,Alejandro Davidovich Fokina,24,"1,595",55,25
523,2024-03-04,24,chi,Nicolas Jarry,28,"1,575",-200,24
524,2024-03-04,25,ger,Jan-Lennard Struff,33,"1,531",0,27
525,2024-03-04,26,ita,Lorenzo Musetti,22,"1,480",0,29
526,2024-03-04,27,ned,Tallon Griekspoor,27,"1,445",5,26
527,2024-03-04,28,gbr,Cameron Norrie,28,"1,380",0,25
528,2024-03-04,29,usa,Sebastian Korda,23,"1,345",100,23
529,2024-03-04,30,arg,Tomas Martin Etcheverry,24,"1,335",-135,28
530,2024-03-04,31,can,Felix Auger-Aliassime,23,"1,295",-45,22
531,2024-03-04,32,cze,Jiri Lehecka,22,"1,260",80,28
532,2024-03-04,33,aus,Jordan Thompson,29,"1,246",0,29
533,2024-03-04,34,usa,Christopher Eubanks,27,"1,234",0,24
534,2024-03-04,35,cro,Borna Coric,27,"1,194",-80,24
535,2024-03-04,36,srb,Laslo Djere,28,"1,190",-35,24
536,2024-03-04,37,gbr,Jack Draper,22,"1,151",200,20
537,2024-03-04,38,aut,Sebastian Ofner,27,"1,116",25,32
538,2024-03-04,39,chi,Alejandro Tabilo,26,"1,116",165,24
539,2024-03-04,40,ita,Matteo Arnaldi,23,"1,091",30,25
540,2024-03-04,41,aus,Alexei Popyrin,24,"1,087",0,24
541,2024-03-04,42,rus,Roman Safiullin,26,"1,080",0,22
542,2024-03-04,43,fra,Arthur Fils,19,"1,078",50,24
543,2024-03-04,44,rus,Aslan Karatsev,30,"1,073",0,17
544,2024-03-04,45,gbr,Daniel Evans,33,"1,066",0,27
545,2024-03-04,46,fin,Emil Ruusuvuori,24,"1,041",0,26
546,2024-03-04,47,srb,Miomir Kecmanovic,24,"1,030",90,31
547,2024-03-04,48,usa,Marcos Giron,30,"1,015",0,28
548,2024-03-04,49,ger,Dominik Koepfer,29,"1,008",90,24
549,2024-03-04,50,chn,Zhizhen Zhang,27,"1,006",0,27
550,2024-03-04,51,kaz,Alexander Shevchenko,23,"1,000",0,33
551,2024-03-04,52,arg,Facundo Diaz Acosta,23,963,15,29
552,2024-03-04,53,ger,Daniel Altmaier,25,961,40,28
553,2024-03-04,54,fra,Gael Monfils,37,937,0,23
554,2024-03-04,55,ita,Lorenzo Sonego,28,935,-40,27
555,2024-03-04,56,srb,Dusan Lajovic,33,927,5,23
556,2024-03-04,57,ger,Yannick Hanfmann,32,920,-47,27
557,2024-03-04,58,hun,Fabian Marozsan,24,914,0,27
558,2024-03-04,59,arg,Mariano Navone,23,906,0,26
559,2024-03-04,60,por,Nuno Borges,27,887,-35,28
560,2024-03-04,61,gbr,Andy Murray,36,885,40,27
561,2024-03-04,62,ita,Flavio Cobolli,21,880,55,34
562,2024-03-04,63,cze,Tomas Machac,23,868,5,23
563,2024-03-04,64,esp,Roberto Carballes Baena,30,831,-20,31
564,2024-03-04,65,bra,Thiago Seyboth Wild,23,820,18,25
565,2024-03-04,66,aus,Christopher O'Connell,29,819,-15,31
566,2024-03-04,67,rus,Pavel Kotov,25,819,-59,22
567,2024-03-04,68,usa,Mackenzie McDonald,28,815,-80,26
568,2024-03-04,69,aus,Aleksandar Vukic,27,801,-8,30
569,2024-03-04,70,sui,Stan Wawrinka,38,797,0,21
570,2024-03-04,71,aus,Max Purcell,25,796,-90,31
571,2024-03-04,72,jpn,Yoshihito Nishioka,28,788,63,23
572,2024-03-04,73,ita,Luciano Darderi,22,787,40,30
573,2024-03-04,74,hun,Marton Fucsovics,32,782,25,23
574,2024-03-04,75,esp,Jaume Munar,26,776,-40,30
575,2024-03-04,76,jpn,Taro Daniel,31,773,-97,28
576,2024-03-04,77,fra,Arthur Cazaux,21,769,68,26
577,2024-03-04,78,aus,Rinky Hijikata,23,754,2,30
578,2024-03-04,79,arg,Pedro Cachin,28,754,0,29
579,2024-03-04,80,usa,Alex Michelsen,19,754,-22,26
580,2024-03-04,81,cze,Jakub Mensik,18,751,50,23
581,2024-03-04,82,ned,Botic van de Zandschulp,28,750,-40,25
582,2024-03-04,83,fra,Arthur Rinderknech,28,720,55,29
583,2024-03-04,84,col,Daniel Elahi Galan,27,709,0,29
584,2024-03-04,85,fra,Hugo Gaston,23,704,0,29
585,2024-03-04,86,fra,Luca Van Assche,19,696,-112,24
586,2024-03-04,87,chi,Cristian Garin,27,690,-20,23
587,2024-03-04,88,fra,Alexandre Muller,27,689,-40,29
588,2024-03-04,89,esp,Pedro Martinez,26,687,91,31
589,2024-03-04,90,arg,Federico Coria,31,687,9,31
590,2024-03-04,91,aut,Dominic Thiem,30,655,0,25
591,2024-03-04,92,usa,Aleksandar Kovacevic,25,654,0,30
592,2024-03-04,93,usa,Brandon Nakashima,22,645,-25,28
593,2024-03-04,94,usa,J.J. Wolf,25,640,0,23
594,2024-03-04,95,ger,Maximilian Marterer,28,637,25,23
595,2024-03-04,96,aut,Jurij Rodionov,24,631,-25,25
596,2024-03-04,97,arg,Thiago Agustin Tirante,22,616,18,28
597,2024-03-04,98,esp,Roberto Bautista Agut,35,614,3,27
598,2024-03-04,99,aus,Thanasi Kokkinakis,27,609,-36,24
599,2024-03-04,100,fra,Constant Lestienne,31,606,2,35
600,2024-02-26,1,srb,Novak Djokovic,36,"9,855",0,19
601,2024-02-26,2,esp,Carlos Alcaraz,20,"8,805",-300,18
602,2024-02-26,3,ita,Jannik Sinner,22,"8,270",0,20
603,2024-02-26,4,rus,Daniil Medvedev,28,"8,015",-250,19
604,2024-02-26,5,rus,Andrey Rublev,26,"5,110",5,24
605,2024-02-26,6,ger,Alexander Zverev,26,"5,085",55,26
606,2024-02-26,7,den,Holger Rune,20,"3,700",0,23
607,2024-02-26,8,pol,Hubert Hurkacz,27,"3,395",-205,24
608,2024-02-26,9,aus,Alex de Minaur,25,"3,210",0,25
609,2024-02-26,10,usa,Taylor Fritz,26,"3,150",0,25
610,2024-02-26,11,nor,Casper Ruud,25,"3,120",155,24
611,2024-02-26,12,gre,Stefanos Tsitsipas,25,"3,080",90,24
612,2024-02-26,13,bul,Grigor Dimitrov,32,"2,925",0,23
613,2024-02-26,14,usa,Tommy Paul,26,"2,375",0,27
614,2024-02-26,15,rus,Karen Khachanov,27,"2,260",250,23
615,2024-02-26,16,usa,Frances Tiafoe,26,"2,155",0,23
616,2024-02-26,17,usa,Ben Shelton,21,"2,055",0,27
617,2024-02-26,18,fra,Ugo Humbert,25,"1,990",0,29
618,2024-02-26,19,fra,Adrian Mannarino,35,"1,950",0,29
619,2024-02-26,20,arg,Francisco Cerundolo,25,"1,840",155,27
620,2024-02-26,21,arg,Sebastian Baez,23,"1,825",410,30
621,2024-02-26,22,chi,Nicolas Jarry,28,"1,775",-190,24
622,2024-02-26,23,kaz,Alexander Bublik,26,"1,699",-40,30
623,2024-02-26,24,esp,Alejandro Davidovich Fokina,24,"1,540",-35,25
624,2024-02-26,25,ger,Jan-Lennard Struff,33,"1,531",0,27
625,2024-02-26,26,ita,Lorenzo Musetti,21,"1,480",0,29
626,2024-02-26,27,arg,Tomas Martin Etcheverry,24,"1,470",0,29
627,2024-02-26,28,ned,Tallon Griekspoor,27,"1,440",0,26
628,2024-02-26,29,gbr,Cameron Norrie,28,"1,380",-300,25
629,2024-02-26,30,can,Felix Auger-Aliassime,23,"1,340",-80,22
630,2024-02-26,31,cro,Borna Coric,27,"1,274",0,24
631,2024-02-26,32,aus,Jordan Thompson,29,"1,246",175,28
632,2024-02-26,33,usa,Sebastian Korda,23,"1,245",0,22
633,2024-02-26,34,usa,Christopher Eubanks,27,"1,234",0,24
634,2024-02-26,35,srb,Laslo Djere,28,"1,225",5,25
635,2024-02-26,36,cze,Jiri Lehecka,22,"1,180",-70,28
636,2024-02-26,37,aut,Sebastian Ofner,27,"1,091",0,31
637,2024-02-26,38,aus,Alexei Popyrin,24,"1,087",90,25
638,2024-02-26,39,rus,Roman Safiullin,26,"1,080",0,21
639,2024-02-26,40,rus,Aslan Karatsev,30,"1,073",0,17
640,2024-02-26,41,gbr,Daniel Evans,33,"1,066",25,27
641,2024-02-26,42,ita,Matteo Arnaldi,23,"1,061",0,25
642,2024-02-26,43,fin,Emil Ruusuvuori,24,"1,041",30,27
643,2024-02-26,44,fra,Arthur Fils,19,"1,028",-90,24
644,2024-02-26,45,usa,Marcos Giron,30,"1,015",15,29
645,2024-02-26,46,chn,Zhizhen Zhang,27,"1,006",15,26
646,2024-02-26,47,kaz,Alexander Shevchenko,23,"1,000",0,33
647,2024-02-26,48,ita,Lorenzo Sonego,28,975,0,27
648,2024-02-26,49,ger,Yannick Hanfmann,32,967,40,27
649,2024-02-26,50,gbr,Jack Draper,22,951,0,19
650,2024-02-26,51,chi,Alejandro Tabilo,26,951,-10,24
651,2024-02-26,52,arg,Facundo Diaz Acosta,23,948,41,28
652,2024-02-26,53,srb,Miomir Kecmanovic,24,940,0,31
653,2024-02-26,54,fra,Gael Monfils,37,937,100,22
654,2024-02-26,55,srb,Dusan Lajovic,33,922,10,23
655,2024-02-26,56,por,Nuno Borges,27,922,-75,28
656,2024-02-26,57,ger,Daniel Altmaier,25,921,-15,28
657,2024-02-26,58,ger,Dominik Koepfer,29,918,0,24
658,2024-02-26,59,hun,Fabian Marozsan,24,914,18,27
659,2024-02-26,60,arg,Mariano Navone,22,906,355,26
660,2024-02-26,61,usa,Mackenzie McDonald,28,895,0,27
661,2024-02-26,62,aus,Max Purcell,25,886,-75,31
662,2024-02-26,63,rus,Pavel Kotov,25,878,19,22
663,2024-02-26,64,jpn,Taro Daniel,31,870,0,28
664,2024-02-26,65,cze,Tomas Machac,23,863,0,23
665,2024-02-26,66,esp,Roberto Carballes Baena,30,851,0,31
666,2024-02-26,67,gbr,Andy Murray,36,845,-125,26
667,2024-02-26,68,aus,Christopher O'Connell,29,834,-20,31
668,2024-02-26,69,ita,Flavio Cobolli,21,825,0,33
669,2024-02-26,70,esp,Jaume Munar,26,816,40,30
670,2024-02-26,71,aus,Aleksandar Vukic,27,809,17,31
671,2024-02-26,72,fra,Luca Van Assche,19,808,0,24
672,2024-02-26,73,bra,Thiago Seyboth Wild,23,802,94,25
673,2024-02-26,74,sui,Stan Wawrinka,38,797,-45,21
674,2024-02-26,75,ned,Botic van de Zandschulp,28,790,-20,25
675,2024-02-26,76,usa,Alex Michelsen,19,776,0,27
676,2024-02-26,77,hun,Marton Fucsovics,32,757,25,22
677,2024-02-26,78,arg,Pedro Cachin,28,754,0,29
678,2024-02-26,79,aus,Rinky Hijikata,23,752,15,30
679,2024-02-26,80,ita,Luciano Darderi,22,747,0,30
680,2024-02-26,81,fra,Alexandre Muller,27,729,-44,30
681,2024-02-26,82,jpn,Yoshihito Nishioka,28,725,25,23
682,2024-02-26,83,chi,Cristian Garin,27,710,50,23
683,2024-02-26,84,col,Daniel Elahi Galan,27,709,-35,30
684,2024-02-26,85,fra,Hugo Gaston,23,704,-9,29
685,2024-02-26,86,fra,Arthur Cazaux,21,701,0,25
686,2024-02-26,87,cze,Jakub Mensik,18,701,165,22
687,2024-02-26,88,arg,Federico Coria,31,678,0,30
688,2024-02-26,89,usa,Brandon Nakashima,22,670,15,29
689,2024-02-26,90,fra,Arthur Rinderknech,28,665,0,29
690,2024-02-26,91,aut,Jurij Rodionov,24,656,-8,26
691,2024-02-26,92,aut,Dominic Thiem,30,655,0,26
692,2024-02-26,93,usa,Aleksandar Kovacevic,25,654,38,30
693,2024-02-26,94,aus,Thanasi Kokkinakis,27,645,41,25
694,2024-02-26,95,usa,J.J. Wolf,25,640,0,24
695,2024-02-26,96,ger,Maximilian Marterer,28,612,-4,23
696,2024-02-26,97,ind,Sumit Nagal,26,612,-2,24
697,2024-02-26,98,esp,Roberto Bautista Agut,35,611,-10,26
698,2024-02-26,99,fra,Constant Lestienne,31,604,0,35
699,2024-02-26,100,arg,Thiago Agustin Tirante,22,598,0,27
700,2024-02-19,1,srb,Novak Djokovic,36,"9,855",0,19
701,2024-02-19,2,esp,Carlos Alcaraz,20,"9,105",-150,18
702,2024-02-19,3,ita,Jannik Sinner,22,"8,270",200,21
703,2024-02-19,4,rus,Daniil Medvedev,28,"8,265",-500,20
704,2024-02-19,5,rus,Andrey Rublev,26,"5,105",55,24
705,2024-02-19,6,ger,Alexander Zverev,26,"5,030",0,26
706,2024-02-19,7,den,Holger Rune,20,"3,700",5,23
707,2024-02-19,8,pol,Hubert Hurkacz,27,"3,600",5,25
708,2024-02-19,9,aus,Alex de Minaur,25,"3,210",240,25
709,2024-02-19,10,usa,Taylor Fritz,26,"3,150",0,25
710,2024-02-19,11,gre,Stefanos Tsitsipas,25,"2,990",-35,23
711,2024-02-19,12,nor,Casper Ruud,25,"2,965",0,23
712,2024-02-19,13,bul,Grigor Dimitrov,32,"2,925",20,24
713,2024-02-19,14,usa,Tommy Paul,26,"2,375",120,27
714,2024-02-19,15,usa,Frances Tiafoe,26,"2,155",90,23
715,2024-02-19,16,usa,Ben Shelton,21,"2,055",0,27
716,2024-02-19,17,rus,Karen Khachanov,27,"2,010",0,22
717,2024-02-19,18,fra,Ugo Humbert,25,"1,990",0,28
718,2024-02-19,19,chi,Nicolas Jarry,28,"1,965",155,24
719,2024-02-19,20,fra,Adrian Mannarino,35,"1,950",-25,30
720,2024-02-19,21,kaz,Alexander Bublik,26,"1,739",40,30
721,2024-02-19,22,arg,Francisco Cerundolo,25,"1,685",-35,27
722,2024-02-19,23,gbr,Cameron Norrie,28,"1,680",-140,25
723,2024-02-19,24,esp,Alejandro Davidovich Fokina,24,"1,575",0,25
724,2024-02-19,25,ger,Jan-Lennard Struff,33,"1,531",5,26
725,2024-02-19,26,ita,Lorenzo Musetti,21,"1,480",0,29
726,2024-02-19,27,arg,Tomas Martin Etcheverry,24,"1,470",5,30
727,2024-02-19,28,ned,Tallon Griekspoor,27,"1,440",20,27
728,2024-02-19,29,can,Felix Auger-Aliassime,23,"1,420",-40,23
729,2024-02-19,30,arg,Sebastian Baez,23,"1,415",40,30
730,2024-02-19,31,cro,Borna Coric,27,"1,274",0,24
731,2024-02-19,32,cze,Jiri Lehecka,22,"1,250",0,29
732,2024-02-19,33,usa,Sebastian Korda,23,"1,245",0,22
733,2024-02-19,34,usa,Christopher Eubanks,27,"1,234",-1,25
734,2024-02-19,35,srb,Laslo Djere,28,"1,220",5,25
735,2024-02-19,36,fra,Arthur Fils,19,"1,118",0,24
736,2024-02-19,37,aut,Sebastian Ofner,27,"1,091",0,31
737,2024-02-19,38,rus,Roman Safiullin,26,"1,080",-10,21
738,2024-02-19,39,rus,Aslan Karatsev,30,"1,073",-20,18
739,2024-02-19,40,aus,Jordan Thompson,29,"1,071",24,28
740,2024-02-19,41,ita,Matteo Arnaldi,22,"1,061",15,24
741,2024-02-19,42,gbr,Daniel Evans,33,"1,041",0,27
742,2024-02-19,43,fin,Emil Ruusuvuori,24,"1,011",80,27
743,2024-02-19,44,usa,Marcos Giron,30,"1,000",55,28
744,2024-02-19,45,kaz,Alexander Shevchenko,23,"1,000",80,32
745,2024-02-19,46,aus,Alexei Popyrin,24,997,-15,24
746,2024-02-19,47,por,Nuno Borges,26,997,-7,28
747,2024-02-19,48,chn,Zhizhen Zhang,27,991,0,25
748,2024-02-19,49,ita,Lorenzo Sonego,28,975,0,27
749,2024-02-19,50,gbr,Andy Murray,36,970,0,26
750,2024-02-19,51,aus,Max Purcell,25,961,-90,31
751,2024-02-19,52,chi,Alejandro Tabilo,26,961,25,24
752,2024-02-19,53,gbr,Jack Draper,22,951,0,18
753,2024-02-19,54,srb,Miomir Kecmanovic,24,940,-140,30
754,2024-02-19,55,ger,Daniel Altmaier,25,936,0,29
755,2024-02-19,56,ger,Yannick Hanfmann,32,927,-2,27
756,2024-02-19,57,ger,Dominik Koepfer,29,918,0,24
757,2024-02-19,58,srb,Dusan Lajovic,33,912,-7,23
758,2024-02-19,59,arg,Facundo Diaz Acosta,23,907,230,27
759,2024-02-19,60,hun,Fabian Marozsan,24,896,0,26
760,2024-02-19,61,usa,Mackenzie McDonald,28,895,-80,27
761,2024-02-19,62,jpn,Taro Daniel,31,870,0,28
762,2024-02-19,63,cze,Tomas Machac,23,863,-18,24
763,2024-02-19,64,rus,Pavel Kotov,25,859,0,22
764,2024-02-19,65,aus,Christopher O'Connell,29,854,0,31
765,2024-02-19,66,esp,Roberto Carballes Baena,30,851,-10,31
766,2024-02-19,67,sui,Stan Wawrinka,38,842,-65,21
767,2024-02-19,68,fra,Gael Monfils,37,837,50,21
768,2024-02-19,69,ita,Flavio Cobolli,21,825,46,32
769,2024-02-19,70,ned,Botic van de Zandschulp,28,810,-45,25
770,2024-02-19,71,fra,Luca Van Assche,19,808,-6,25
771,2024-02-19,72,aus,Aleksandar Vukic,27,792,-18,31
772,2024-02-19,73,esp,Jaume Munar,26,776,-10,30
773,2024-02-19,74,usa,Alex Michelsen,19,776,17,27
774,2024-02-19,75,fra,Alexandre Muller,27,773,0,30
775,2024-02-19,76,arg,Pedro Cachin,28,754,-9,29
776,2024-02-19,77,ita,Luciano Darderi,22,747,25,30
777,2024-02-19,78,col,Daniel Elahi Galan,27,744,28,30
778,2024-02-19,79,aus,Rinky Hijikata,22,737,40,30
779,2024-02-19,80,hun,Marton Fucsovics,32,732,50,22
780,2024-02-19,81,fra,Hugo Gaston,23,713,2,30
781,2024-02-19,82,bra,Thiago Seyboth Wild,23,708,0,24
782,2024-02-19,83,fra,Arthur Cazaux,21,701,-13,25
783,2024-02-19,84,jpn,Yoshihito Nishioka,28,700,-20,22
784,2024-02-19,85,arg,Federico Coria,31,678,90,29
785,2024-02-19,86,fra,Arthur Rinderknech,28,665,0,29
786,2024-02-19,87,aut,Jurij Rodionov,24,664,-2,26
787,2024-02-19,88,chi,Cristian Garin,27,660,0,23
788,2024-02-19,89,aut,Dominic Thiem,30,655,-9,27
789,2024-02-19,90,usa,Brandon Nakashima,22,655,0,28
790,2024-02-19,91,cro,Borna Gojo,25,653,0,21
791,2024-02-19,92,usa,J.J. Wolf,25,640,-10,24
792,2024-02-19,93,esp,Bernabe Zapata Miralles,27,637,-83,27
793,2024-02-19,94,sui,Dominic Stricker,21,632,0,19
794,2024-02-19,95,esp,Pedro Martinez,26,632,0,32
795,2024-02-19,96,esp,Albert Ramos-Vinolas,36,623,0,32
796,2024-02-19,97,esp,Roberto Bautista Agut,35,621,0,26
797,2024-02-19,98,aus,James Duckworth,32,621,-11,26
798,2024-02-19,99,ger,Maximilian Marterer,28,616,0,23
799,2024-02-19,100,usa,Aleksandar Kovacevic,25,616,0,30
800,2024-02-12,1,srb,Novak Djokovic,36,"9,855",0,19
801,2024-02-12,2,esp,Carlos Alcaraz,20,"9,255",0,18
802,2024-02-12,3,rus,Daniil Medvedev,28,"8,765",0,21
803,2024-02-12,4,ita,Jannik Sinner,22,"8,070",-240,21
804,2024-02-12,5,rus,Andrey Rublev,26,"5,050",0,24
805,2024-02-12,6,ger,Alexander Zverev,26,"5,030",0,27
806,2024-02-12,7,den,Holger Rune,20,"3,695",-80,23
807,2024-02-12,8,pol,Hubert Hurkacz,27,"3,595",55,25
808,2024-02-12,9,usa,Taylor Fritz,26,"3,150",-45,25
809,2024-02-12,10,gre,Stefanos Tsitsipas,25,"3,025",0,24
810,2024-02-12,11,aus,Alex de Minaur,24,"2,970",0,25
811,2024-02-12,12,nor,Casper Ruud,25,"2,965",0,23
812,2024-02-12,13,bul,Grigor Dimitrov,32,"2,905",120,24
813,2024-02-12,14,usa,Tommy Paul,26,"2,255",205,27
814,2024-02-12,15,usa,Frances Tiafoe,26,"2,065",5,22
815,2024-02-12,16,usa,Ben Shelton,21,"2,055",90,28
816,2024-02-12,17,rus,Karen Khachanov,27,"2,010",100,22
817,2024-02-12,18,fra,Ugo Humbert,25,"1,990",215,27
818,2024-02-12,19,fra,Adrian Mannarino,35,"1,975",55,30
819,2024-02-12,20,gbr,Cameron Norrie,28,"1,820",0,25
820,2024-02-12,21,chi,Nicolas Jarry,28,"1,810",0,23
821,2024-02-12,22,arg,Francisco Cerundolo,25,"1,720",0,27
822,2024-02-12,23,kaz,Alexander Bublik,26,"1,699",0,30
823,2024-02-12,24,esp,Alejandro Davidovich Fokina,24,"1,575",40,25
824,2024-02-12,25,ger,Jan-Lennard Struff,33,"1,526",0,26
825,2024-02-12,26,ita,Lorenzo Musetti,21,"1,480",0,29
826,2024-02-12,27,arg,Tomas Martin Etcheverry,24,"1,465",35,30
827,2024-02-12,28,can,Felix Auger-Aliassime,23,"1,460",15,23
828,2024-02-12,29,ned,Tallon Griekspoor,27,"1,420",0,27
829,2024-02-12,30,arg,Sebastian Baez,23,"1,375",-150,30
830,2024-02-12,31,cro,Borna Coric,27,"1,274",-35,23
831,2024-02-12,32,cze,Jiri Lehecka,22,"1,250",5,28
832,2024-02-12,33,usa,Sebastian Korda,23,"1,245",25,21
833,2024-02-12,34,usa,Christopher Eubanks,27,"1,235",15,26
834,2024-02-12,35,srb,Laslo Djere,28,"1,215",0,25
835,2024-02-12,36,fra,Arthur Fils,19,"1,118",-90,23
836,2024-02-12,37,rus,Aslan Karatsev,30,"1,093",0,19
837,2024-02-12,38,aut,Sebastian Ofner,27,"1,091",0,31
838,2024-02-12,39,rus,Roman Safiullin,26,"1,090",0,21
839,2024-02-12,40,srb,Miomir Kecmanovic,24,"1,080",0,30
840,2024-02-12,41,aus,Max Purcell,25,"1,051",15,31
841,2024-02-12,42,aus,Jordan Thompson,29,"1,047",25,28
842,2024-02-12,43,ita,Matteo Arnaldi,22,"1,046",0,24
843,2024-02-12,44,gbr,Daniel Evans,33,"1,041",0,26
844,2024-02-12,45,aus,Alexei Popyrin,24,"1,012",0,25
845,2024-02-12,46,por,Nuno Borges,26,"1,004",0,28
846,2024-02-12,47,chn,Zhizhen Zhang,27,991,40,24
847,2024-02-12,48,ita,Lorenzo Sonego,28,975,-35,27
848,2024-02-12,49,usa,Mackenzie McDonald,28,975,0,28
849,2024-02-12,50,gbr,Andy Murray,36,970,0,26
850,2024-02-12,51,gbr,Jack Draper,22,951,0,18
851,2024-02-12,52,usa,Marcos Giron,30,945,120,28
852,2024-02-12,53,ger,Daniel Altmaier,25,936,-10,29
853,2024-02-12,54,chi,Alejandro Tabilo,26,936,0,23
854,2024-02-12,55,fin,Emil Ruusuvuori,24,931,5,27
855,2024-02-12,56,ger,Yannick Hanfmann,32,929,40,27
856,2024-02-12,57,kaz,Alexander Shevchenko,23,920,5,31
857,2024-02-12,58,srb,Dusan Lajovic,33,919,-20,23
858,2024-02-12,59,ger,Dominik Koepfer,29,918,50,24
859,2024-02-12,60,sui,Stan Wawrinka,38,907,0,21
860,2024-02-12,61,hun,Fabian Marozsan,24,896,0,25
861,2024-02-12,62,cze,Tomas Machac,23,881,43,25
862,2024-02-12,63,jpn,Taro Daniel,31,870,12,28
863,2024-02-12,64,esp,Roberto Carballes Baena,30,861,15,31
864,2024-02-12,65,rus,Pavel Kotov,25,859,0,23
865,2024-02-12,66,ned,Botic van de Zandschulp,28,855,0,25
866,2024-02-12,67,aus,Christopher O'Connell,29,854,0,31
867,2024-02-12,68,fra,Luca Van Assche,19,814,0,26
868,2024-02-12,69,aus,Aleksandar Vukic,27,810,0,31
869,2024-02-12,70,fra,Gael Monfils,37,787,0,20
870,2024-02-12,71,esp,Jaume Munar,26,786,40,31
871,2024-02-12,72,ita,Flavio Cobolli,21,779,0,31
872,2024-02-12,73,fra,Alexandre Muller,27,773,0,31
873,2024-02-12,74,arg,Pedro Cachin,28,763,0,29
874,2024-02-12,75,usa,Alex Michelsen,19,759,18,26
875,2024-02-12,76,ita,Luciano Darderi,21,722,231,29
876,2024-02-12,77,jpn,Yoshihito Nishioka,28,720,25,22
877,2024-02-12,78,esp,Bernabe Zapata Miralles,27,720,5,27
878,2024-02-12,79,aus,Thanasi Kokkinakis,27,716,0,24
879,2024-02-12,80,col,Daniel Elahi Galan,27,716,0,30
880,2024-02-12,81,fra,Arthur Cazaux,21,714,0,26
881,2024-02-12,82,fra,Hugo Gaston,23,711,27,30
882,2024-02-12,83,bra,Thiago Seyboth Wild,23,708,0,23
883,2024-02-12,84,aus,Rinky Hijikata,22,697,17,29
884,2024-02-12,85,per,Juan Pablo Varillas,28,684,0,24
885,2024-02-12,86,hun,Marton Fucsovics,32,682,-20,21
886,2024-02-12,87,arg,Facundo Diaz Acosta,23,677,43,27
887,2024-02-12,88,aut,Jurij Rodionov,24,666,0,27
888,2024-02-12,89,fra,Arthur Rinderknech,28,665,30,29
889,2024-02-12,90,aut,Dominic Thiem,30,664,0,28
890,2024-02-12,91,chi,Cristian Garin,27,660,-20,23
891,2024-02-12,92,usa,Brandon Nakashima,22,655,0,27
892,2024-02-12,93,cro,Borna Gojo,25,653,0,21
893,2024-02-12,94,usa,J.J. Wolf,25,650,-80,25
894,2024-02-12,95,sui,Dominic Stricker,21,632,0,19
895,2024-02-12,96,esp,Pedro Martinez,26,632,0,33
896,2024-02-12,97,aus,James Duckworth,32,632,41,27
897,2024-02-12,98,ind,Sumit Nagal,26,630,100,24
898,2024-02-12,99,esp,Albert Ramos-Vinolas,36,623,-65,33
899,2024-02-12,100,esp,Roberto Bautista Agut,35,621,15,27
900,2024-02-05,1,srb,Novak Djokovic,36,"9,855",0,19
901,2024-02-05,2,esp,Carlos Alcaraz,20,"9,255",0,18
902,2024-02-05,3,rus,Daniil Medvedev,27,"8,765",0,21
903,2024-02-05,4,ita,Jannik Sinner,22,"8,310",0,22
904,2024-02-05,5,rus,Andrey Rublev,26,"5,050",0,24
905,2024-02-05,6,ger,Alexander Zverev,26,"5,030",0,27
906,2024-02-05,7,den,Holger Rune,20,"3,775",90,24
907,2024-02-05,8,pol,Hubert Hurkacz,26,"3,540",0,24
908,2024-02-05,9,usa,Taylor Fritz,26,"3,195",0,26
909,2024-02-05,10,gre,Stefanos Tsitsipas,25,"3,025",0,24
910,2024-02-05,11,aus,Alex de Minaur,24,"2,970",0,25
911,2024-02-05,12,nor,Casper Ruud,25,"2,965",0,23
912,2024-02-05,13,bul,Grigor Dimitrov,32,"2,785",0,23
913,2024-02-05,14,usa,Frances Tiafoe,26,"2,060",0,22
914,2024-02-05,15,usa,Tommy Paul,26,"2,050",0,26
915,2024-02-05,16,usa,Ben Shelton,21,"1,965",0,27
916,2024-02-05,17,fra,Adrian Mannarino,35,"1,920",0,30
917,2024-02-05,18,rus,Karen Khachanov,27,"1,910",0,21
918,2024-02-05,19,gbr,Cameron Norrie,28,"1,820",0,25
919,2024-02-05,20,chi,Nicolas Jarry,28,"1,810",0,23
920,2024-02-05,21,fra,Ugo Humbert,25,"1,775",0,27
921,2024-02-05,22,arg,Francisco Cerundolo,25,"1,720",0,27
922,2024-02-05,23,kaz,Alexander Bublik,26,"1,699",240,31
923,2024-02-05,24,esp,Alejandro Davidovich Fokina,24,"1,535",0,25
924,2024-02-05,25,ger,Jan-Lennard Struff,33,"1,526",0,27
925,2024-02-05,26,arg,Sebastian Baez,23,"1,525",0,30
926,2024-02-05,27,ita,Lorenzo Musetti,21,"1,480",0,28
927,2024-02-05,28,can,Felix Auger-Aliassime,23,"1,445",100,22
928,2024-02-05,29,arg,Tomas Martin Etcheverry,24,"1,430",0,30
929,2024-02-05,30,ned,Tallon Griekspoor,27,"1,420",0,27
930,2024-02-05,31,cro,Borna Coric,27,"1,309",155,24
931,2024-02-05,32,cze,Jiri Lehecka,22,"1,245",0,27
932,2024-02-05,33,usa,Christopher Eubanks,27,"1,220",0,26
933,2024-02-05,34,usa,Sebastian Korda,23,"1,220",0,20
934,2024-02-05,35,srb,Laslo Djere,28,"1,215",0,25
935,2024-02-05,36,fra,Arthur Fils,19,"1,208",0,24
936,2024-02-05,37,rus,Aslan Karatsev,30,"1,093",0,20
937,2024-02-05,38,aut,Sebastian Ofner,27,"1,091",0,30
938,2024-02-05,39,rus,Roman Safiullin,26,"1,090",-100,21
939,2024-02-05,40,srb,Miomir Kecmanovic,24,"1,080",0,31
940,2024-02-05,41,ita,Matteo Arnaldi,22,"1,046",-65,24
941,2024-02-05,42,gbr,Daniel Evans,33,"1,041",0,26
942,2024-02-05,43,aus,Max Purcell,25,"1,036",0,30
943,2024-02-05,44,aus,Jordan Thompson,29,"1,022",0,28
944,2024-02-05,45,aus,Alexei Popyrin,24,"1,012",0,25
945,2024-02-05,46,ita,Lorenzo Sonego,28,"1,010",0,28
946,2024-02-05,47,por,Nuno Borges,26,"1,004",0,28
947,2024-02-05,48,usa,Mackenzie McDonald,28,975,0,29
948,2024-02-05,49,gbr,Andy Murray,36,970,0,25
949,2024-02-05,50,chn,Zhizhen Zhang,27,951,0,23
950,2024-02-05,51,gbr,Jack Draper,22,951,0,18
951,2024-02-05,52,ger,Daniel Altmaier,25,946,0,29
952,2024-02-05,53,srb,Dusan Lajovic,33,939,0,24
953,2024-02-05,54,chi,Alejandro Tabilo,26,936,0,24
954,2024-02-05,55,fin,Emil Ruusuvuori,24,926,0,27
955,2024-02-05,56,kaz,Alexander Shevchenko,23,915,30,31
956,2024-02-05,57,sui,Stan Wawrinka,38,907,0,21
957,2024-02-05,58,hun,Fabian Marozsan,24,896,0,25
958,2024-02-05,59,ger,Yannick Hanfmann,32,889,0,26
959,2024-02-05,60,ger,Dominik Koepfer,29,868,0,23
960,2024-02-05,61,rus,Pavel Kotov,25,859,0,23
961,2024-02-05,62,jpn,Taro Daniel,31,858,0,27
962,2024-02-05,63,ned,Botic van de Zandschulp,28,855,0,25
963,2024-02-05,64,aus,Christopher O'Connell,29,854,0,31
964,2024-02-05,65,esp,Roberto Carballes Baena,30,846,0,31
965,2024-02-05,66,cze,Tomas Machac,23,838,0,24
966,2024-02-05,67,usa,Marcos Giron,30,825,0,28
967,2024-02-05,68,fra,Luca Van Assche,19,814,0,26
968,2024-02-05,69,aus,Aleksandar Vukic,27,810,0,31
969,2024-02-05,70,fra,Gael Monfils,37,787,0,20
970,2024-02-05,71,ita,Flavio Cobolli,21,779,41,31
971,2024-02-05,72,fra,Alexandre Muller,27,773,5,31
972,2024-02-05,73,arg,Pedro Cachin,28,763,0,29
973,2024-02-05,74,esp,Jaume Munar,26,746,0,30
974,2024-02-05,75,usa,Alex Michelsen,19,741,-8,25
975,2024-02-05,76,usa,J.J. Wolf,25,730,0,26
976,2024-02-05,77,aus,Thanasi Kokkinakis,27,716,0,24
977,2024-02-05,78,col,Daniel Elahi Galan,27,716,0,30
978,2024-02-05,79,esp,Bernabe Zapata Miralles,27,715,0,27
979,2024-02-05,80,fra,Arthur Cazaux,21,714,18,27
980,2024-02-05,81,bra,Thiago Seyboth Wild,23,708,0,22
981,2024-02-05,82,hun,Marton Fucsovics,31,702,0,22
982,2024-02-05,83,jpn,Yoshihito Nishioka,28,695,0,21
983,2024-02-05,84,esp,Albert Ramos-Vinolas,36,688,0,33
984,2024-02-05,85,per,Juan Pablo Varillas,28,684,0,24
985,2024-02-05,86,fra,Hugo Gaston,23,684,0,30
986,2024-02-05,87,chi,Cristian Garin,27,680,0,23
987,2024-02-05,88,aus,Rinky Hijikata,22,680,-67,28
988,2024-02-05,89,aut,Jurij Rodionov,24,666,91,28
989,2024-02-05,90,aut,Dominic Thiem,30,664,0,28
990,2024-02-05,91,usa,Brandon Nakashima,22,655,30,27
991,2024-02-05,92,cro,Borna Gojo,25,653,0,21
992,2024-02-05,93,arg,Federico Coria,31,638,34,29
993,2024-02-05,94,fra,Arthur Rinderknech,28,635,0,29
994,2024-02-05,95,arg,Facundo Diaz Acosta,23,634,0,26
995,2024-02-05,96,sui,Dominic Stricker,21,632,0,20
996,2024-02-05,97,esp,Pedro Martinez,26,632,16,34
997,2024-02-05,98,gbr,Liam Broady,30,618,-3,26
998,2024-02-05,99,ger,Maximilian Marterer,28,616,-20,22
999,2024-02-05,100,usa,Aleksandar Kovacevic,25,616,-75,29
1000,2024-01-29,1,srb,Novak Djokovic,36,"9,855",-1200,19
1001,2024-01-29,2,esp,Carlos Alcaraz,20,"9,255",400,18
1002,2024-01-29,3,rus,Daniil Medvedev,27,"8,765",1210,21
1003,2024-01-29,4,ita,Jannik Sinner,22,"8,310",1820,22
1004,2024-01-29,5,rus,Andrey Rublev,26,"5,050",40,24
1005,2024-01-29,6,ger,Alexander Zverev,26,"5,030",755,27
1006,2024-01-29,7,den,Holger Rune,20,"3,685",-130,23
1007,2024-01-29,8,pol,Hubert Hurkacz,26,"3,540",220,24
1008,2024-01-29,9,usa,Taylor Fritz,26,"3,195",355,26
1009,2024-01-29,10,gre,Stefanos Tsitsipas,25,"3,025",-1000,24
1010,2024-01-29,11,aus,Alex de Minaur,24,"2,970",20,25
1011,2024-01-29,12,nor,Casper Ruud,25,"2,965",55,23
1012,2024-01-29,13,bul,Grigor Dimitrov,32,"2,785",10,23
1013,2024-01-29,14,usa,Frances Tiafoe,26,"2,060",-40,22
1014,2024-01-29,15,usa,Tommy Paul,26,"2,050",-620,26
1015,2024-01-29,16,usa,Ben Shelton,21,"1,965",-260,27
1016,2024-01-29,17,fra,Adrian Mannarino,35,"1,920",155,30
1017,2024-01-29,18,rus,Karen Khachanov,27,"1,910",-520,21
1018,2024-01-29,19,gbr,Cameron Norrie,28,"1,820",110,25
1019,2024-01-29,20,chi,Nicolas Jarry,28,"1,810",-60,23
1020,2024-01-29,21,fra,Ugo Humbert,25,"1,775",10,27
1021,2024-01-29,22,arg,Francisco Cerundolo,25,"1,720",-40,27
1022,2024-01-29,23,esp,Alejandro Davidovich Fokina,24,"1,535",5,25
1023,2024-01-29,24,ger,Jan-Lennard Struff,33,"1,526",15,27
1024,2024-01-29,25,arg,Sebastian Baez,23,"1,525",90,30
1025,2024-01-29,26,ita,Lorenzo Musetti,21,"1,480",40,28
1026,2024-01-29,27,kaz,Alexander Bublik,26,"1,459",0,30
1027,2024-01-29,28,arg,Tomas Martin Etcheverry,24,"1,430",55,30
1028,2024-01-29,29,ned,Tallon Griekspoor,27,"1,420",10,27
1029,2024-01-29,30,can,Felix Auger-Aliassime,23,"1,345",-80,21
1030,2024-01-29,31,cze,Jiri Lehecka,22,"1,245",-310,27
1031,2024-01-29,32,usa,Christopher Eubanks,27,"1,220",5,26
1032,2024-01-29,33,usa,Sebastian Korda,23,"1,220",-260,20
1033,2024-01-29,34,srb,Laslo Djere,28,"1,215",-35,25
1034,2024-01-29,35,fra,Arthur Fils,19,"1,208",-25,24
1035,2024-01-29,36,rus,Roman Safiullin,26,"1,190",0,22
1036,2024-01-29,37,cro,Borna Coric,27,"1,154",54,23
1037,2024-01-29,38,ita,Matteo Arnaldi,22,"1,111",34,25
1038,2024-01-29,39,rus,Aslan Karatsev,30,"1,093",-10,20
1039,2024-01-29,40,aut,Sebastian Ofner,27,"1,091",-50,30
1040,2024-01-29,41,srb,Miomir Kecmanovic,24,"1,080",190,31
1041,2024-01-29,42,gbr,Daniel Evans,33,"1,041",-80,26
1042,2024-01-29,43,aus,Max Purcell,25,"1,036",15,31
1043,2024-01-29,44,aus,Jordan Thompson,29,"1,022",40,28
1044,2024-01-29,45,aus,Alexei Popyrin,24,"1,012",-40,25
1045,2024-01-29,46,ita,Lorenzo Sonego,28,"1,010",5,28
1046,2024-01-29,47,por,Nuno Borges,26,"1,004",190,28
1047,2024-01-29,48,usa,Mackenzie McDonald,28,975,-80,29
1048,2024-01-29,49,gbr,Andy Murray,36,970,-80,24
1049,2024-01-29,50,chn,Zhizhen Zhang,27,951,40,24
1050,2024-01-29,51,gbr,Jack Draper,22,951,40,18
1051,2024-01-29,52,ger,Daniel Altmaier,25,946,0,29
1052,2024-01-29,53,srb,Dusan Lajovic,33,939,0,24
1053,2024-01-29,54,chi,Alejandro Tabilo,26,936,-34,24
1054,2024-01-29,55,fin,Emil Ruusuvuori,24,926,5,27
1055,2024-01-29,56,sui,Stan Wawrinka,38,907,0,21
1056,2024-01-29,57,hun,Fabian Marozsan,24,896,73,25
1057,2024-01-29,58,ger,Yannick Hanfmann,32,889,-40,26
1058,2024-01-29,59,kaz,Alexander Shevchenko,23,885,-90,30
1059,2024-01-29,60,ger,Dominik Koepfer,29,868,10,23
1060,2024-01-29,61,rus,Pavel Kotov,25,859,24,23
1061,2024-01-29,62,jpn,Taro Daniel,31,858,-35,27
1062,2024-01-29,63,ned,Botic van de Zandschulp,28,855,-35,25
1063,2024-01-29,64,aus,Christopher O'Connell,29,854,40,31
1064,2024-01-29,65,esp,Roberto Carballes Baena,30,846,0,31
1065,2024-01-29,66,cze,Tomas Machac,23,838,90,24
1066,2024-01-29,67,usa,Marcos Giron,30,825,0,28
1067,2024-01-29,68,fra,Luca Van Assche,19,814,99,26
1068,2024-01-29,69,aus,Aleksandar Vukic,27,810,-25,31
1069,2024-01-29,70,fra,Gael Monfils,37,787,50,19
1070,2024-01-29,71,fra,Alexandre Muller,26,768,-6,31
1071,2024-01-29,72,arg,Pedro Cachin,28,763,0,29
1072,2024-01-29,73,usa,Alex Michelsen,19,749,93,27
1073,2024-01-29,74,aus,Rinky Hijikata,22,747,-35,28
1074,2024-01-29,75,esp,Jaume Munar,26,746,40,29
1075,2024-01-29,76,ita,Flavio Cobolli,21,738,121,30
1076,2024-01-29,77,usa,J.J. Wolf,25,730,-170,26
1077,2024-01-29,78,aus,Thanasi Kokkinakis,27,716,5,24
1078,2024-01-29,79,col,Daniel Elahi Galan,27,716,40,30
1079,2024-01-29,80,esp,Bernabe Zapata Miralles,27,715,0,26
1080,2024-01-29,81,bra,Thiago Seyboth Wild,23,708,-10,22
1081,2024-01-29,82,hun,Marton Fucsovics,31,702,-80,22
1082,2024-01-29,83,fra,Arthur Cazaux,21,696,167,26
1083,2024-01-29,84,jpn,Yoshihito Nishioka,28,695,-170,21
1084,2024-01-29,85,usa,Aleksandar Kovacevic,25,691,80,30
1085,2024-01-29,86,esp,Albert Ramos-Vinolas,36,688,0,33
1086,2024-01-29,87,per,Juan Pablo Varillas,28,684,-25,24
1087,2024-01-29,88,fra,Hugo Gaston,23,684,58,29
1088,2024-01-29,89,chi,Cristian Garin,27,680,0,23
1089,2024-01-29,90,aut,Dominic Thiem,30,664,10,28
1090,2024-01-29,91,cro,Borna Gojo,25,653,-11,21
1091,2024-01-29,92,ger,Maximilian Marterer,28,636,10,22
1092,2024-01-29,93,fra,Arthur Rinderknech,28,635,6,29
1093,2024-01-29,94,arg,Facundo Diaz Acosta,23,634,-27,26
1094,2024-01-29,95,sui,Dominic Stricker,21,632,-41,20
1095,2024-01-29,96,usa,Brandon Nakashima,22,625,115,26
1096,2024-01-29,97,gbr,Liam Broady,30,621,0,27
1097,2024-01-29,98,aus,James Duckworth,32,619,-9,26
1098,2024-01-29,99,esp,Pedro Martinez,26,616,40,33
1099,2024-01-29,100,fra,Quentin Halys,27,615,40,23
1100,2024-01-15,1,srb,Novak Djokovic,36,"11,055",0,19
1101,2024-01-15,2,esp,Carlos Alcaraz,20,"8,855",0,18
1102,2024-01-15,3,rus,Daniil Medvedev,27,"7,555",0,21
1103,2024-01-15,4,ita,Jannik Sinner,22,"6,490",0,22
1104,2024-01-15,5,rus,Andrey Rublev,26,"5,010",0,24
1105,2024-01-15,6,ger,Alexander Zverev,26,"4,275",0,27
1106,2024-01-15,7,gre,Stefanos Tsitsipas,25,"4,025",0,24
1107,2024-01-15,8,den,Holger Rune,20,"3,815",0,23
1108,2024-01-15,9,pol,Hubert Hurkacz,26,"3,320",0,24
1109,2024-01-15,10,aus,Alex de Minaur,24,"2,950",0,25
1110,2024-01-15,11,nor,Casper Ruud,25,"2,910",0,23
1111,2024-01-15,12,usa,Taylor Fritz,26,"2,840",0,26
1112,2024-01-15,13,bul,Grigor Dimitrov,32,"2,775",0,23
1113,2024-01-15,14,usa,Tommy Paul,26,"2,670",5,26
1114,2024-01-15,15,rus,Karen Khachanov,27,"2,430",-45,21
1115,2024-01-15,16,usa,Ben Shelton,21,"2,225",80,27
1116,2024-01-15,17,usa,Frances Tiafoe,25,"2,100",0,22
1117,2024-01-15,18,chi,Nicolas Jarry,28,"1,870",40,23
1118,2024-01-15,19,fra,Adrian Mannarino,35,"1,765",0,30
1119,2024-01-15,20,fra,Ugo Humbert,25,"1,765",0,28
1120,2024-01-15,21,arg,Francisco Cerundolo,25,"1,760",0,27
1121,2024-01-15,22,gbr,Cameron Norrie,28,"1,710",-100,25
1122,2024-01-15,23,cze,Jiri Lehecka,22,"1,555",218,27
1123,2024-01-15,24,esp,Alejandro Davidovich Fokina,24,"1,530",0,25
1124,2024-01-15,25,ger,Jan-Lennard Struff,33,"1,511",0,27
1125,2024-01-15,26,usa,Sebastian Korda,23,"1,480",100,20
1126,2024-01-15,27,kaz,Alexander Bublik,26,"1,459",90,30
1127,2024-01-15,28,ita,Lorenzo Musetti,21,"1,440",5,28
1128,2024-01-15,29,arg,Sebastian Baez,23,"1,435",0,30
1129,2024-01-15,30,can,Felix Auger-Aliassime,23,"1,425",0,21
1130,2024-01-15,31,ned,Tallon Griekspoor,27,"1,410",0,27
1131,2024-01-15,32,arg,Tomas Martin Etcheverry,24,"1,375",0,30
1132,2024-01-15,33,srb,Laslo Djere,28,"1,250",-35,25
1133,2024-01-15,34,fra,Arthur Fils,19,"1,233",25,24
1134,2024-01-15,35,usa,Christopher Eubanks,27,"1,215",-20,26
1135,2024-01-15,36,rus,Roman Safiullin,26,"1,190",0,22
1136,2024-01-15,37,aut,Sebastian Ofner,27,"1,141",9,32
1137,2024-01-15,38,gbr,Daniel Evans,33,"1,121",25,26
1138,2024-01-15,39,rus,Aslan Karatsev,30,"1,103",0,20
1139,2024-01-15,40,cro,Borna Coric,27,"1,100",0,22
1140,2024-01-15,41,ita,Matteo Arnaldi,22,"1,077",15,26
1141,2024-01-15,42,usa,Mackenzie McDonald,28,"1,055",0,29
1142,2024-01-15,43,aus,Alexei Popyrin,24,"1,052",0,25
1143,2024-01-15,44,gbr,Andy Murray,36,"1,050",0,24
1144,2024-01-15,45,aus,Max Purcell,25,"1,021",15,31
1145,2024-01-15,46,ita,Lorenzo Sonego,28,"1,005",15,28
1146,2024-01-15,47,aus,Jordan Thompson,29,982,0,28
1147,2024-01-15,48,kaz,Alexander Shevchenko,23,975,14,31
1148,2024-01-15,49,chi,Alejandro Tabilo,26,970,263,26
1149,2024-01-15,50,ger,Daniel Altmaier,25,946,40,29
1150,2024-01-15,51,srb,Dusan Lajovic,33,939,25,24
1151,2024-01-15,52,ger,Yannick Hanfmann,32,929,0,27
1152,2024-01-15,53,fin,Emil Ruusuvuori,24,921,0,27
1153,2024-01-15,54,chn,Zhizhen Zhang,27,911,0,24
1154,2024-01-15,55,gbr,Jack Draper,22,911,75,18
1155,2024-01-15,56,sui,Stan Wawrinka,38,907,0,21
1156,2024-01-15,57,usa,J.J. Wolf,25,900,-10,26
1157,2024-01-15,58,jpn,Taro Daniel,30,893,154,27
1158,2024-01-15,59,ned,Botic van de Zandschulp,28,890,25,25
1159,2024-01-15,60,srb,Miomir Kecmanovic,24,890,-20,31
1160,2024-01-15,61,jpn,Yoshihito Nishioka,28,865,0,21
1161,2024-01-15,62,ger,Dominik Koepfer,29,858,0,22
1162,2024-01-15,63,esp,Roberto Carballes Baena,30,846,50,31
1163,2024-01-15,64,aus,Aleksandar Vukic,27,835,0,31
1164,2024-01-15,65,rus,Pavel Kotov,25,835,0,23
1165,2024-01-15,66,usa,Marcos Giron,30,825,-35,28
1166,2024-01-15,67,hun,Fabian Marozsan,24,823,18,26
1167,2024-01-15,68,aus,Christopher O'Connell,29,814,34,31
1168,2024-01-15,69,por,Nuno Borges,26,814,15,28
1169,2024-01-15,70,hun,Marton Fucsovics,31,782,0,22
1170,2024-01-15,71,aus,Rinky Hijikata,22,782,0,28
1171,2024-01-15,72,esp,Roberto Bautista Agut,35,776,-140,27
1172,2024-01-15,73,fra,Alexandre Muller,26,774,63,32
1173,2024-01-15,74,arg,Pedro Cachin,28,763,0,29
1174,2024-01-15,75,cze,Tomas Machac,23,748,-5,25
1175,2024-01-15,76,fra,Gael Monfils,37,737,0,19
1176,2024-01-15,77,bra,Thiago Seyboth Wild,23,718,4,23
1177,2024-01-15,78,esp,Bernabe Zapata Miralles,27,715,0,26
1178,2024-01-15,79,fra,Luca Van Assche,19,715,28,27
1179,2024-01-15,80,aus,Thanasi Kokkinakis,27,711,-81,24
1180,2024-01-15,81,per,Juan Pablo Varillas,28,709,0,25
1181,2024-01-15,82,esp,Jaume Munar,26,706,0,29
1182,2024-01-15,83,fra,Gregoire Barrere,29,696,-12,30
1183,2024-01-15,84,arg,Federico Coria,31,694,0,28
1184,2024-01-15,85,esp,Albert Ramos-Vinolas,35,688,0,33
1185,2024-01-15,86,chi,Cristian Garin,27,680,0,22
1186,2024-01-15,87,col,Daniel Elahi Galan,27,676,0,30
1187,2024-01-15,88,sui,Dominic Stricker,21,673,0,21
1188,2024-01-15,89,cro,Borna Gojo,25,664,0,22
1189,2024-01-15,90,arg,Facundo Diaz Acosta,23,661,6,27
1190,2024-01-15,91,usa,Alex Michelsen,19,656,-3,26
1191,2024-01-15,92,aut,Dominic Thiem,30,654,0,28
1192,2024-01-15,93,chi,Tomas Barrios Vera,26,630,0,29
1193,2024-01-15,94,fra,Arthur Rinderknech,28,629,3,28
1194,2024-01-15,95,aus,James Duckworth,31,628,0,26
1195,2024-01-15,96,ger,Maximilian Marterer,28,626,0,21
1196,2024-01-15,97,fra,Hugo Gaston,23,626,0,29
1197,2024-01-15,98,gbr,Liam Broady,30,621,0,27
1198,2024-01-15,99,fra,Constant Lestienne,31,619,-80,33
1199,2024-01-15,100,ita,Flavio Cobolli,21,617,0,31
1200,2024-01-08,1,srb,Novak Djokovic,36,"11,055",-190,19
1201,2024-01-08,2,esp,Carlos Alcaraz,20,"8,855",0,18
1202,2024-01-08,3,rus,Daniil Medvedev,27,"7,555",-45,21
1203,2024-01-08,4,ita,Jannik Sinner,22,"6,490",0,22
1204,2024-01-08,5,rus,Andrey Rublev,26,"5,010",205,25
1205,2024-01-08,6,ger,Alexander Zverev,26,"4,275",290,27
1206,2024-01-08,7,gre,Stefanos Tsitsipas,25,"4,025",-210,24
1207,2024-01-08,8,den,Holger Rune,20,"3,815",155,23
1208,2024-01-08,9,pol,Hubert Hurkacz,26,"3,320",75,24
1209,2024-01-08,10,aus,Alex de Minaur,24,"2,950",210,25
1210,2024-01-08,11,nor,Casper Ruud,25,"2,910",85,24
1211,2024-01-08,12,usa,Taylor Fritz,26,"2,840",-260,26
1212,2024-01-08,13,bul,Grigor Dimitrov,32,"2,775",205,23
1213,2024-01-08,14,usa,Tommy Paul,26,"2,665",0,26
1214,2024-01-08,15,rus,Karen Khachanov,27,"2,475",-45,22
1215,2024-01-08,16,usa,Ben Shelton,21,"2,145",0,27
1216,2024-01-08,17,usa,Frances Tiafoe,25,"2,100",-210,22
1217,2024-01-08,18,chi,Nicolas Jarry,28,"1,830",20,22
1218,2024-01-08,19,gbr,Cameron Norrie,28,"1,810",-130,25
1219,2024-01-08,20,fra,Adrian Mannarino,35,"1,765",10,31
1220,2024-01-08,21,fra,Ugo Humbert,25,"1,765",0,29
1221,2024-01-08,22,arg,Francisco Cerundolo,25,"1,760",0,26
1222,2024-01-08,23,esp,Alejandro Davidovich Fokina,24,"1,530",35,26
1223,2024-01-08,24,ger,Jan-Lennard Struff,33,"1,511",-11,27
1224,2024-01-08,25,ita,Lorenzo Musetti,21,"1,435",-35,27
1225,2024-01-08,26,arg,Sebastian Baez,23,"1,435",0,30
1226,2024-01-08,27,can,Felix Auger-Aliassime,23,"1,425",0,20
1227,2024-01-08,28,ned,Tallon Griekspoor,27,"1,410",-230,27
1228,2024-01-08,29,usa,Sebastian Korda,23,"1,380",-150,19
1229,2024-01-08,30,arg,Tomas Martin Etcheverry,24,"1,375",0,30
1230,2024-01-08,31,kaz,Alexander Bublik,26,"1,369",0,30
1231,2024-01-08,32,cze,Jiri Lehecka,22,"1,337",-35,27
1232,2024-01-08,33,srb,Laslo Djere,28,"1,285",0,26
1233,2024-01-08,34,usa,Christopher Eubanks,27,"1,235",0,26
1234,2024-01-08,35,fra,Arthur Fils,19,"1,208",50,24
1235,2024-01-08,36,rus,Roman Safiullin,26,"1,190",68,22
1236,2024-01-08,37,aut,Sebastian Ofner,27,"1,132",84,31
1237,2024-01-08,38,rus,Aslan Karatsev,30,"1,103",-90,20
1238,2024-01-08,39,cro,Borna Coric,27,"1,100",-35,22
1239,2024-01-08,40,gbr,Daniel Evans,33,"1,096",-35,26
1240,2024-01-08,41,ita,Matteo Arnaldi,22,"1,062",41,25
1241,2024-01-08,42,usa,Mackenzie McDonald,28,"1,055",0,29
1242,2024-01-08,43,aus,Alexei Popyrin,24,"1,052",-32,26
1243,2024-01-08,44,gbr,Andy Murray,36,"1,050",0,24
1244,2024-01-08,45,aus,Max Purcell,25,"1,006",-6,30
1245,2024-01-08,46,ita,Lorenzo Sonego,28,990,0,28
1246,2024-01-08,47,aus,Jordan Thompson,29,982,80,28
1247,2024-01-08,48,kaz,Alexander Shevchenko,23,961,14,30
1248,2024-01-08,49,ger,Yannick Hanfmann,32,929,15,26
1249,2024-01-08,50,fin,Emil Ruusuvuori,24,921,150,28
1250,2024-01-08,51,esp,Roberto Bautista Agut,35,916,30,27
1251,2024-01-08,52,srb,Dusan Lajovic,33,914,0,23
1252,2024-01-08,53,chn,Zhizhen Zhang,27,911,26,24
1253,2024-01-08,54,usa,J.J. Wolf,25,910,0,26
1254,2024-01-08,55,srb,Miomir Kecmanovic,24,910,5,31
1255,2024-01-08,56,sui,Stan Wawrinka,38,907,-35,21
1256,2024-01-08,57,ger,Daniel Altmaier,25,906,15,28
1257,2024-01-08,58,jpn,Yoshihito Nishioka,28,865,-90,21
1258,2024-01-08,59,ned,Botic van de Zandschulp,28,865,-65,24
1259,2024-01-08,60,usa,Marcos Giron,30,860,0,28
1260,2024-01-08,61,ger,Dominik Koepfer,29,858,125,22
1261,2024-01-08,62,gbr,Jack Draper,22,836,-20,18
1262,2024-01-08,63,aus,Aleksandar Vukic,27,835,0,30
1263,2024-01-08,64,rus,Pavel Kotov,25,835,44,23
1264,2024-01-08,65,hun,Fabian Marozsan,24,805,0,25
1265,2024-01-08,66,por,Nuno Borges,26,799,0,27
1266,2024-01-08,67,esp,Roberto Carballes Baena,30,796,-20,30
1267,2024-01-08,68,aus,Thanasi Kokkinakis,27,792,-10,24
1268,2024-01-08,69,hun,Marton Fucsovics,31,782,-100,22
1269,2024-01-08,70,aus,Rinky Hijikata,22,782,38,27
1270,2024-01-08,71,aus,Christopher O'Connell,29,780,0,31
1271,2024-01-08,72,arg,Pedro Cachin,28,763,0,30
1272,2024-01-08,73,cze,Tomas Machac,23,753,31,26
1273,2024-01-08,74,jpn,Taro Daniel,30,739,2,26
1274,2024-01-08,75,fra,Gael Monfils,37,737,0,18
1275,2024-01-08,76,fra,Richard Gasquet,37,735,0,33
1276,2024-01-08,77,esp,Bernabe Zapata Miralles,26,715,0,25
1277,2024-01-08,78,bra,Thiago Seyboth Wild,23,714,-4,23
1278,2024-01-08,79,fra,Alexandre Muller,26,711,-3,31
1279,2024-01-08,80,per,Juan Pablo Varillas,28,709,0,25
1280,2024-01-08,81,fra,Gregoire Barrere,29,708,0,31
1281,2024-01-08,82,chi,Alejandro Tabilo,26,707,0,25
1282,2024-01-08,83,esp,Jaume Munar,26,706,0,29
1283,2024-01-08,84,fra,Constant Lestienne,31,699,0,33
1284,2024-01-08,85,arg,Federico Coria,31,694,0,29
1285,2024-01-08,86,esp,Albert Ramos-Vinolas,35,688,0,34
1286,2024-01-08,87,fra,Luca Van Assche,19,687,0,26
1287,2024-01-08,88,chi,Cristian Garin,27,680,-29,22
1288,2024-01-08,89,col,Daniel Elahi Galan,27,676,0,30
1289,2024-01-08,90,sui,Dominic Stricker,21,673,0,21
1290,2024-01-08,91,cro,Borna Gojo,25,664,-80,21
1291,2024-01-08,92,usa,Alex Michelsen,19,659,6,26
1292,2024-01-08,93,arg,Facundo Diaz Acosta,23,655,-13,26
1293,2024-01-08,94,aut,Dominic Thiem,30,654,2,28
1294,2024-01-08,95,chi,Tomas Barrios Vera,26,630,0,29
1295,2024-01-08,96,aus,James Duckworth,31,628,55,26
1296,2024-01-08,97,fra,Arthur Rinderknech,28,626,-30,28
1297,2024-01-08,98,ger,Maximilian Marterer,28,626,-57,21
1298,2024-01-08,99,fra,Hugo Gaston,23,626,5,29
1299,2024-01-08,100,gbr,Liam Broady,30,621,13,27
1300,2024-01-01,1,srb,Novak Djokovic,36,"11,245",0,18
1301,2024-01-01,2,esp,Carlos Alcaraz,20,"8,855",0,18
1302,2024-01-01,3,rus,Daniil Medvedev,27,"7,600",0,22
1303,2024-01-01,4,ita,Jannik Sinner,22,"6,490",0,23
1304,2024-01-01,5,rus,Andrey Rublev,26,"4,805",0,25
1305,2024-01-01,6,gre,Stefanos Tsitsipas,25,"4,235",0,24
1306,2024-01-01,7,ger,Alexander Zverev,26,"3,985",0,27
1307,2024-01-01,8,den,Holger Rune,20,"3,660",0,23
1308,2024-01-01,9,pol,Hubert Hurkacz,26,"3,245",0,24
1309,2024-01-01,10,usa,Taylor Fritz,26,"3,100",0,26
1310,2024-01-01,11,nor,Casper Ruud,25,"2,825",0,24
1311,2024-01-01,12,aus,Alex de Minaur,24,"2,740",0,25
1312,2024-01-01,13,usa,Tommy Paul,26,"2,665",0,26
1313,2024-01-01,14,bul,Grigor Dimitrov,32,"2,570",0,23
1314,2024-01-01,15,rus,Karen Khachanov,27,"2,520",0,22
1315,2024-01-01,16,usa,Frances Tiafoe,25,"2,310",0,22
1316,2024-01-01,17,usa,Ben Shelton,21,"2,145",0,26
1317,2024-01-01,18,gbr,Cameron Norrie,28,"1,940",0,25
1318,2024-01-01,19,chi,Nicolas Jarry,28,"1,810",0,22
1319,2024-01-01,20,fra,Ugo Humbert,25,"1,765",0,28
1320,2024-01-01,21,arg,Francisco Cerundolo,25,"1,760",0,26
1321,2024-01-01,22,fra,Adrian Mannarino,35,"1,755",0,31
1322,2024-01-01,23,ned,Tallon Griekspoor,27,"1,640",0,27
1323,2024-01-01,24,usa,Sebastian Korda,23,"1,530",0,19
1324,2024-01-01,25,ger,Jan-Lennard Struff,33,"1,522",0,27
1325,2024-01-01,26,esp,Alejandro Davidovich Fokina,24,"1,495",0,25
1326,2024-01-01,27,ita,Lorenzo Musetti,21,"1,470",0,27
1327,2024-01-01,28,arg,Sebastian Baez,23,"1,435",0,30
1328,2024-01-01,29,can,Felix Auger-Aliassime,23,"1,425",0,21
1329,2024-01-01,30,arg,Tomas Martin Etcheverry,24,"1,375",0,29
1330,2024-01-01,31,cze,Jiri Lehecka,22,"1,372",0,27
1331,2024-01-01,32,kaz,Alexander Bublik,26,"1,369",0,31
1332,2024-01-01,33,srb,Laslo Djere,28,"1,285",0,26
1333,2024-01-01,34,usa,Christopher Eubanks,27,"1,235",0,26
1334,2024-01-01,35,rus,Aslan Karatsev,30,"1,193",0,20
1335,2024-01-01,36,fra,Arthur Fils,19,"1,158",0,23
1336,2024-01-01,37,cro,Borna Coric,27,"1,135",0,22
1337,2024-01-01,38,gbr,Daniel Evans,33,"1,131",0,27
1338,2024-01-01,39,rus,Roman Safiullin,26,"1,122",0,22
1339,2024-01-01,40,aus,Alexei Popyrin,24,"1,084",0,26
1340,2024-01-01,41,usa,Mackenzie McDonald,28,"1,055",0,29
1341,2024-01-01,42,gbr,Andy Murray,36,"1,050",0,24
1342,2024-01-01,43,aut,Sebastian Ofner,27,"1,048",0,31
1343,2024-01-01,44,ita,Matteo Arnaldi,22,"1,021",0,25
1344,2024-01-01,45,aus,Max Purcell,25,"1,012",0,30
1345,2024-01-01,46,ita,Lorenzo Sonego,28,990,0,28
1346,2024-01-01,47,jpn,Yoshihito Nishioka,28,955,0,22
1347,2024-01-01,48,kaz,Alexander Shevchenko,23,947,0,30
1348,2024-01-01,49,sui,Stan Wawrinka,38,942,0,22
1349,2024-01-01,50,ned,Botic van de Zandschulp,28,930,0,24
1350,2024-01-01,51,ger,Yannick Hanfmann,32,914,0,25
1351,2024-01-01,52,srb,Dusan Lajovic,33,914,0,23
1352,2024-01-01,53,usa,J.J. Wolf,25,910,0,25
1353,2024-01-01,54,srb,Miomir Kecmanovic,24,905,0,31
1354,2024-01-01,55,aus,Jordan Thompson,29,902,0,28
1355,2024-01-01,56,ger,Daniel Altmaier,25,891,0,27
1356,2024-01-01,57,esp,Roberto Bautista Agut,35,886,0,27
1357,2024-01-01,58,chn,Zhizhen Zhang,27,885,0,23
1358,2024-01-01,59,hun,Marton Fucsovics,31,882,0,22
1359,2024-01-01,60,usa,Marcos Giron,30,860,0,29
1360,2024-01-01,61,gbr,Jack Draper,22,856,0,19
1361,2024-01-01,62,aus,Aleksandar Vukic,27,835,0,30
1362,2024-01-01,63,esp,Roberto Carballes Baena,30,816,0,31
1363,2024-01-01,64,hun,Fabian Marozsan,24,805,0,25
1364,2024-01-01,65,aus,Thanasi Kokkinakis,27,802,0,24
1365,2024-01-01,66,por,Nuno Borges,26,799,0,26
1366,2024-01-01,67,rus,Pavel Kotov,25,791,0,23
1367,2024-01-01,68,aus,Christopher O'Connell,29,780,0,31
1368,2024-01-01,69,fin,Emil Ruusuvuori,24,771,0,28
1369,2024-01-01,70,arg,Pedro Cachin,28,763,0,30
1370,2024-01-01,71,aus,Rinky Hijikata,22,744,0,27
1371,2024-01-01,72,cro,Borna Gojo,25,744,0,21
1372,2024-01-01,73,fra,Benjamin Bonzi,27,738,0,28
1373,2024-01-01,74,fra,Gael Monfils,37,737,0,18
1374,2024-01-01,75,jpn,Taro Daniel,30,737,0,26
1375,2024-01-01,76,fra,Richard Gasquet,37,735,0,33
1376,2024-01-01,77,ger,Dominik Koepfer,29,733,0,21
1377,2024-01-01,78,cze,Tomas Machac,23,722,0,26
1378,2024-01-01,79,bra,Thiago Seyboth Wild,23,718,0,23
1379,2024-01-01,80,esp,Bernabe Zapata Miralles,26,715,0,26
1380,2024-01-01,81,fra,Alexandre Muller,26,714,0,31
1381,2024-01-01,82,chi,Cristian Garin,27,709,0,23
1382,2024-01-01,83,per,Juan Pablo Varillas,28,709,0,25
1383,2024-01-01,84,fra,Gregoire Barrere,29,708,0,30
1384,2024-01-01,85,chi,Alejandro Tabilo,26,707,0,25
1385,2024-01-01,86,esp,Jaume Munar,26,706,0,30
1386,2024-01-01,87,fra,Constant Lestienne,31,699,0,33
1387,2024-01-01,88,arg,Federico Coria,31,694,0,30
1388,2024-01-01,89,esp,Albert Ramos-Vinolas,35,688,0,35
1389,2024-01-01,90,fra,Luca Van Assche,19,687,0,26
1390,2024-01-01,91,ger,Maximilian Marterer,28,683,0,22
1391,2024-01-01,92,ita,Matteo Berrettini,27,682,0,17
1392,2024-01-01,93,col,Daniel Elahi Galan,27,676,0,30
1393,2024-01-01,94,sui,Dominic Stricker,21,673,0,21
1394,2024-01-01,95,arg,Facundo Diaz Acosta,23,668,0,26
1395,2024-01-01,96,fra,Arthur Rinderknech,28,656,0,28
1396,2024-01-01,97,usa,Alex Michelsen,19,653,0,25
1397,2024-01-01,98,aut,Dominic Thiem,30,652,0,27
1398,2024-01-01,99,jpn,Yosuke Watanuki,25,646,0,22
1399,2024-01-01,100,fra,Quentin Halys,27,640,0,25
